,2Salon,Area util_s2,Bloque_s2,Capacidad_s2,Ext_s2,Fijo/Movil_s2,Movil Express_s2,Tipo Mobiliario_s2
0,,,,,,,,
1,SD_703,"140,9",Sd,65.0,1116.0,Fijo,Si,Silla móvil y mesa fija
2,,,,,,,,
3,,,,,,,,
4,,,,,,,,
5,,,,,,,,
6,,,,,,,,
7,,,,,,,,
8,,,,,,,,
9,,,,,,,,
10,ML_516,"121,9",ML,44.0,1618.0,Movil,Si,"Silla móvil, mesa móvil"
11,,,,,,,,
12,,,,,,,,
13,,,,,,,,
14,,,,,,,,
15,,,,,,,,
16,,,,,,,,
17,,,,,,,,
18,,,,,,,,
19,,,,,,,,
20,,,,,,,,
21,,,,,,,,
22,,,,,,,,
23,,,,,,,,
24,,,,,,,,
25,,,,,,,,
26,,,,,,,,
27,,,,,,,,
28,,,,,,,,
29,,,,,,,,
30,,,,,,,,
31,,,,,,,,
32,,,,,,,,
33,AU_104,"62,6",Au,48.0,5604.0,Movil,Si,Mesa trapezoidal con silla móviles
34,,,,,,,,
35,,,,,,,,
36,,,,,,,,
37,,,,,,,,
38,,,,,,,,
39,,,,,,,,
40,,,,,,,,
41,,,,,,,,
42,,,,,,,,
43,,,,,,,,
44,,,,,,,,
45,,,,,,,,
46,SD_715,"140,4",Sd,65.0,1109.0,Fijo,Si,Silla móvil y mesa fija
47,,,,,,,,
48,,,,,,,,
49,,,,,,,,
50,,,,,,,,
51,,,,,,,,
52,,,,,,,,
53,,,,,,,,
54,,,,,,,,
55,,,,,,,,
56,,,,,,,,
57,,,,,,,,
58,,,,,,,,
59,,,,,,,,
60,,,,,,,,
61,ML_510,"98,1",ML,69.0,1617.0,Fijo,Si,Silla móvil y mesa fija
62,,,,,,,,
63,,,,,,,,
64,SD_704,"144,8",Sd,60.0,1106.0,Movil,Si,"Silla móvil, mesa móvil"
65,,,,,,,,
66,,,,,,,,
67,,,,,,,,
68,ML_511,"85,4",ML,61.0,1615.0,Fijo,Si,Silla móvil y mesa fija
69,Y_101,"96,0",Y,60.0,nan,Movil,No,"Silla móvil, mesa móvil"
70,,,,,,,,
71,Y_101,"96,0",Y,60.0,nan,Movil,No,"Silla móvil, mesa móvil"
72,SD_716,"140,4",Sd,65.0,1105.0,Fijo,Si,Silla móvil y mesa fija
73,,,,,,,,
74,,,,,,,,
75,,,,,,,,
76,,,,,,,,
77,,,,,,,,
78,,,,,,,,
79,,,,,,,,
80,,,,,,,,
81,,,,,,,,
82,,,,,,,,
83,,,,,,,,
84,,,,,,,,
85,,,,,,,,
86,AU_201,"59,8",Au,44.0,5608.0,Movil,Si,Mesa trapezoidal con silla móviles
87,SD_715,"140,4",Sd,65.0,1109.0,Fijo,Si,Silla móvil y mesa fija
88,,,,,,,,
89,,,,,,,,
90,,,,,,,,
91,,,,,,,,
92,,,,,,,,
93,,,,,,,,
94,,,,,,,,
95,,,,,,,,
96,,,,,,,,
97,,,,,,,,
98,,,,,,,,
99,,,,,,,,
100,,,,,,,,
101,,,,,,,,
102,,,,,,,,
103,,,,,,,,
104,,,,,,,,
105,,,,,,,,
106,,,,,,,,
107,,,,,,,,
108,,,,,,,,
109,,,,,,,,
110,,,,,,,,
111,SD_715,"140,4",Sd,65.0,1109.0,Fijo,Si,Silla móvil y mesa fija
112,SD_702,"140,0",Sd,65.0,1117.0,Fijo,Si,Silla móvil y mesa fija
113,,,,,,,,
114,,,,,,,,
115,,,,,,,,
116,,,,,,,,
117,,,,,,,,
118,,,,,,,,
119,,,,,,,,
120,,,,,,,,
121,,,,,,,,
122,,,,,,,,
123,,,,,,,,
124,,,,,,,,
125,SD_202,"58,8",Sd,26.0,nan,Movil,Si,"Silla móvil, mesa móvil"
126,SD_715,"140,4",Sd,65.0,1109.0,Fijo,Si,Silla móvil y mesa fija
127,,,,,,,,
128,,,,,,,,
129,,,,,,,,
130,SD_715,"140,4",Sd,65.0,1109.0,Fijo,Si,Silla móvil y mesa fija
131,,,,,,,,
132,,,,,,,,
133,,,,,,,,
134,,,,,,,,
135,,,,,,,,
136,,,,,,,,
137,,,,,,,,
138,,,,,,,,
139,SD_715,"140,4",Sd,65.0,1109.0,Fijo,Si,Silla móvil y mesa fija
140,,,,,,,,
141,,,,,,,,
142,ML_615,"109,6",ML,80.0,1623.0,Fijo,SI,Silla móvil y mesa fija
143,,,,,,,,
144,,,,,,,,
145,SD_807,"140,4",Sd,82.0,1114.0,Fijo,Si,Silla móvil y mesa fija
146,ML_615,"109,6",ML,80.0,1623.0,Fijo,SI,Silla móvil y mesa fija
147,SD_807,"140,4",Sd,82.0,1114.0,Fijo,Si,Silla móvil y mesa fija
148,,,,,,,,
149,,,,,,,,
150,,,,,,,,
151,ML_606,"125,7",ML,81.0,1612.0,Fijo,Si,Silla móvil y mesa fija
152,,,,,,,,
153,,,,,,,,
154,,,,,,,,
155,,,,,,,,
156,,,,,,,,
157,,,,,,,,
158,,,,,,,,
159,,,,,,,,
160,,,,,,,,
161,,,,,,,,
162,,,,,,,,
163,,,,,,,,
164,,,,,,,,
165,AU_307,"29,4",Au,31.0,5625.0,Movil,No,Pupitre universitario
166,,,,,,,,
167,,,,,,,,
168,,,,,,,,
169,AU_207,"42,5",Au,30.0,5614.0,Movil,SI,"Silla móvil, mesa móvil"
170,,,,,,,,
171,,,,,,,,
172,,,,,,,,
173,,,,,,,,
174,,,,,,,,
175,,,,,,,,
176,,,,,,,,
177,,,,,,,,
178,,,,,,,,
179,,,,,,,,
180,,,,,,,,
181,,,,,,,,
182,,,,,,,,
183,,,,,,,,
184,,,,,,,,
185,,,,,,,,
186,,,,,,,,
187,,,,,,,,
188,,,,,,,,
189,,,,,,,,
190,,,,,,,,
191,R_209,"172,1",R,192.0,nan,Fijo,No,Silla y superficie abatible fijas
192,,,,,,,,
193,SD_805,"233,1",Sd,135.0,1119.0,Fijo,Si,Silla móvil y mesa fija
194,,,,,,,,
195,,,,,,,,
196,,,,,,,,
197,,,,,,,,
198,,,,,,,,
199,,,,,,,,
200,,,,,,,,
201,,,,,,,,
202,,,,,,,,
203,,,,,,,,
204,G_101,"120,6",G,84.0,5501.0,Fijo,No,Silla móvil y mesa fija
205,,,,,,,,
206,,,,,,,,
207,,,,,,,,
208,,,,,,,,
209,,,,,,,,
210,,,,,,,,
211,,,,,,,,
212,,,,,,,,
213,,,,,,,,
214,,,,,,,,
215,,,,,,,,
216,,,,,,,,
217,,,,,,,,
218,,,,,,,,
219,,,,,,,,
220,,,,,,,,
221,,,,,,,,
222,,,,,,,,
223,,,,,,,,
224,,,,,,,,
225,,,,,,,,
226,,,,,,,,
227,,,,,,,,
228,,,,,,,,
229,,,,,,,,
230,,,,,,,,
231,,,,,,,,
232,,,,,,,,
233,,,,,,,,
234,,,,,,,,
235,,,,,,,,
236,,,,,,,,
237,,,,,,,,
238,SD_801,"140,0",Sd,82.0,1110.0,Fijo,Si,Silla móvil y mesa fija
239,,,,,,,,
240,,,,,,,,
241,,,,,,,,
242,,,,,,,,
243,,,,,,,,
244,,,,,,,,
245,,,,,,,,
246,,,,,,,,
247,,,,,,,,
248,,,,,,,,
249,,,,,,,,
250,,,,,,,,
251,,,,,,,,
252,,,,,,,,
253,,,,,,,,
254,,,,,,,,
255,,,,,,,,
256,,,,,,,,
257,,,,,,,,
258,,,,,,,,
259,,,,,,,,
260,,,,,,,,
261,,,,,,,,
262,,,,,,,,
263,,,,,,,,
264,,,,,,,,
265,,,,,,,,
266,,,,,,,,
267,,,,,,,,
268,,,,,,,,
269,,,,,,,,
270,,,,,,,,
271,,,,,,,,
272,,,,,,,,
273,,,,,,,,
274,,,,,,,,
275,,,,,,,,
276,,,,,,,,
277,,,,,,,,
278,,,,,,,,
279,,,,,,,,
280,,,,,,,,
281,,,,,,,,
282,O_104,"94,0",O,121.0,5253.0,Fijo,No,Silla y superficie abatible fijas
283,,,,,,,,
284,,,,,,,,
285,,,,,,,,
286,,,,,,,,
287,,,,,,,,
288,,,,,,,,
289,,,,,,,,
290,,,,,,,,
291,,,,,,,,
292,,,,,,,,
293,,,,,,,,
294,,,,,,,,
295,,,,,,,,
296,,,,,,,,
297,,,,,,,,
298,,,,,,,,
299,,,,,,,,
300,,,,,,,,
301,,,,,,,,
302,,,,,,,,
303,,,,,,,,
304,,,,,,,,
305,,,,,,,,
306,,,,,,,,
307,,,,,,,,
308,,,,,,,,
309,,,,,,,,
310,,,,,,,,
311,,,,,,,,
312,,,,,,,,
313,,,,,,,,
314,,,,,,,,
315,,,,,,,,
316,,,,,,,,
317,SD_703,"140,9",Sd,65.0,1116.0,Fijo,Si,Silla móvil y mesa fija
318,,,,,,,,
319,,,,,,,,
320,,,,,,,,
321,,,,,,,,
322,,,,,,,,
323,,,,,,,,
324,,,,,,,,
325,,,,,,,,
326,,,,,,,,
327,,,,,,,,
328,,,,,,,,
329,,,,,,,,
330,,,,,,,,
331,,,,,,,,
332,,,,,,,,
333,,,,,,,,
334,,,,,,,,
335,,,,,,,,
336,,,,,,,,
337,,,,,,,,
338,,,,,,,,
339,,,,,,,,
340,,,,,,,,
341,,,,,,,,
342,,,,,,,,
343,,,,,,,,
344,,,,,,,,
345,,,,,,,,
346,,,,,,,,
347,,,,,,,,
348,,,,,,,,
349,,,,,,,,
350,,,,,,,,
351,,,,,,,,
352,,,,,,,,
353,,,,,,,,
354,,,,,,,,
355,,,,,,,,
356,,,,,,,,
357,W_204,"82,4",W,42.0,5007.0,Fijo,Si,Silla móvil y mesa fija
358,,,,,,,,
359,,,,,,,,
360,,,,,,,,
361,,,,,,,,
362,,,,,,,,
363,,,,,,,,
364,,,,,,,,
365,,,,,,,,
366,,,,,,,,
367,,,,,,,,
368,,,,,,,,
369,S1_001,"50,6",S1,24.0,nan,Movil,No,"Silla móvil, mesa móvil"
370,AU_306,"45,8",Au,32.0,5624.0,Movil,Si,"Silla móvil, mesa móvil"
371,,,,,,,,
372,AU_201,"59,8",Au,44.0,5608.0,Movil,Si,Mesa trapezoidal con silla móviles
373,,,,,,,,
374,,,,,,,,
375,,,,,,,,
376,,,,,,,,
377,,,,,,,,
378,,,,,,,,
379,,,,,,,,
380,W_504,"82,3",W,42.0,5020.0,Fijo,Si,Silla móvil y mesa fija
381,W_504,"82,3",W,42.0,5020.0,Fijo,Si,Silla móvil y mesa fija
382,W_504,"82,3",W,42.0,5020.0,Fijo,Si,Silla móvil y mesa fija
383,W_504,"82,3",W,42.0,5020.0,Fijo,Si,Silla móvil y mesa fija
384,C_107,"42,9",C,22.0,nan,Movil,si,"Silla móvil, mesa móvil"
385,,,,,,,,
386,,,,,,,,
387,,,,,,,,
388,,,,,,,,
389,,,,,,,,
390,,,,,,,,
391,,,,,,,,
392,,,,,,,,
393,,,,,,,,
394,,,,,,,,
395,,,,,,,,
396,,,,,,,,
397,,,,,,,,
398,,,,,,,,
399,,,,,,,,
400,O_203,"70,6",O,62.0,5258.0,Fijo,No,Silla móvil y mesa fija
401,,,,,,,,
402,,,,,,,,
403,,,,,,,,
404,R_112,"83,2",R,77.0,nan,Fijo,No,Silla y superficie abatible fijas
405,,,,,,,,
406,SD_702,"140,0",Sd,65.0,1117.0,Fijo,Si,Silla móvil y mesa fija
407,,,,,,,,
408,ML_604,"125,7",ML,81.0,1616.0,Fijo,Si,Silla móvil y mesa fija
409,,,,,,,,
410,,,,,,,,
411,ML_604,"125,7",ML,81.0,1616.0,Fijo,Si,Silla móvil y mesa fija
412,,,,,,,,
413,,,,,,,,
414,,,,,,,,
415,,,,,,,,
416,,,,,,,,
417,,,,,,,,
418,,,,,,,,
419,,,,,,,,
420,,,,,,,,
421,,,,,,,,
422,,,,,,,,
423,,,,,,,,
424,B_401,"159,2",B,81.0,nan,Fijo,No (es salas de computo también),Silla móvil y mesa fija
425,C_209,"88,1",C,57.0,nan,Fijo,si,Silla móvil y mesa fija
426,ML_617,"146,7",ML,94.0,1625.0,Fijo,SI,Silla móvil y mesa fija
427,,,,,,,,
428,SD_702,"140,0",Sd,65.0,1117.0,Fijo,Si,Silla móvil y mesa fija
429,,,,,,,,
430,,,,,,,,
431,,,,,,,,
432,,,,,,,,
433,,,,,,,,
434,C_307,"89,7",C,60.0,nan,Movil,si,"Silla móvil, mesa móvil"
435,,,,,,,,
436,,,,,,,,
437,SD_702,"140,0",Sd,65.0,1117.0,Fijo,Si,Silla móvil y mesa fija
438,,,,,,,,
439,,,,,,,,
440,,,,,,,,
441,,,,,,,,
442,,,,,,,,
443,,,,,,,,
444,,,,,,,,
445,,,,,,,,
446,,,,,,,,
447,,,,,,,,
448,,,,,,,,
449,,,,,,,,
450,,,,,,,,
451,,,,,,,,
452,,,,,,,,
453,,,,,,,,
454,,,,,,,,
455,,,,,,,,
456,,,,,,,,
457,,,,,,,,
458,,,,,,,,
459,,,,,,,,
460,B_201,"122,8",B,51.0,1439.0,Fijo,No,Silla móvil y mesa fija
461,,,,,,,,
462,,,,,,,,
463,,,,,,,,
464,,,,,,,,
465,,,,,,,,
466,LL_103,"64,5",LL,27.0,5078.0,Movil,SI,Pupitre universitario
467,,,,,,,,
468,,,,,,,,
469,,,,,,,,
470,,,,,,,,
471,AU_206,"59,8",Au,44.0,5613.0,Movil,SI,Mesa trapezoidal con silla móviles
472,AU_205,"59,8",Au,40.0,5612.0,Movil,SI,"Silla móvil, mesa móvil"
473,AU_202,"37,9",Au,40.0,5609.0,Movil,SI,Pupitre universitario
474,AU_205,"59,8",Au,40.0,5612.0,Movil,SI,"Silla móvil, mesa móvil"
475,SD_207,"58,2",Sd,24.0,nan,Movil,Si,"Silla móvil, mesa móvil"
476,,,,,,,,
477,,,,,,,,
478,AU_203,"59,8",Au,48.0,5610.0,Movil,SI,"Silla móvil, mesa móvil"
479,AU_207,"42,5",Au,30.0,5614.0,Movil,SI,"Silla móvil, mesa móvil"
480,AU_208,"30,9",Au,27.0,5615.0,Movil,No,Pupitre universitario
481,Y_101,"96,0",Y,60.0,nan,Movil,No,"Silla móvil, mesa móvil"
482,AU_207,"42,5",Au,30.0,5614.0,Movil,SI,"Silla móvil, mesa móvil"
483,AU_208,"30,9",Au,27.0,5615.0,Movil,No,Pupitre universitario
484,AU_202,"37,9",Au,40.0,5609.0,Movil,SI,Pupitre universitario
485,AU_104,"62,6",Au,48.0,5604.0,Movil,Si,Mesa trapezoidal con silla móviles
486,R_110,"46,8",R,46.0,nan,Movil,No,Pupitre universitario
487,S1_202,"67,0",S1,45.0,nan,Movil,No,"Silla móvil, mesa móvil"
488,AU_203,"59,8",Au,48.0,5610.0,Movil,SI,"Silla móvil, mesa móvil"
489,,,,,,,,
490,,,,,,,,
491,AU_202,"37,9",Au,40.0,5609.0,Movil,SI,Pupitre universitario
492,ML_514,"98,1",ML,69.0,1620.0,Fijo,Si,Silla móvil y mesa fija
493,AU_202,"37,9",Au,40.0,5609.0,Movil,SI,Pupitre universitario
494,LL_303,"51,5",LL,50.0,5091.0,Movil,No,Pupitre universitario
495,,,,,,,,
496,,,,,,,,
497,,,,,,,,
498,ML_509,"85,4",ML,61.0,1613.0,Fijo,Si,Silla móvil y mesa fija
499,ML_509,"85,4",ML,61.0,1613.0,Fijo,Si,Silla móvil y mesa fija
500,,,,,,,,
501,B_401,"159,2",B,81.0,nan,Fijo,No (es salas de computo también),Silla móvil y mesa fija
502,ML_606,"125,7",ML,81.0,1612.0,Fijo,Si,Silla móvil y mesa fija
503,,,,,,,,
504,,,,,,,,
505,,,,,,,,
506,,,,,,,,
507,,,,,,,,
508,R_210,"172,8",R,192.0,nan,Fijo,No,Silla y superficie abatible fijas
509,ML_604,"125,7",ML,81.0,1616.0,Fijo,Si,Silla móvil y mesa fija
510,,,,,,,,
511,,,,,,,,
512,,,,,,,,
513,ML_608,"165,5",ML,117.0,1631.0,Fijo,Si,Silla móvil y mesa fija
514,,,,,,,,
515,,,,,,,,
516,,,,,,,,
517,,,,,,,,
518,,,,,,,,
519,,,,,,,,
520,,,,,,,,
521,,,,,,,,
522,,,,,,,,
523,,,,,,,,
524,,,,,,,,
525,,,,,,,,
526,,,,,,,,
527,,,,,,,,
528,,,,,,,,
529,,,,,,,,
530,,,,,,,,
531,,,,,,,,
532,,,,,,,,
533,,,,,,,,
534,,,,,,,,
535,,,,,,,,
536,LL_206,"51,2",LL,32.0,5088.0,Fijo,Si,Silla móvil y mesa fija
537,,,,,,,,
538,,,,,,,,
539,,,,,,,,
540,,,,,,,,
541,,,,,,,,
542,,,,,,,,
543,,,,,,,,
544,,,,,,,,
545,,,,,,,,
546,,,,,,,,
547,S1_002,"50,5",S1,24.0,nan,Movil,No,"Silla móvil, mesa móvil"
548,,,,,,,,
549,,,,,,,,
550,,,,,,,,
551,,,,,,,,
552,,,,,,,,
553,,,,,,,,
554,,,,,,,,
555,,,,,,,,
556,,,,,,,,
557,,,,,,,,
558,,,,,,,,
559,,,,,,,,
560,,,,,,,,
561,O_105,"72,7",O,62.0,5254.0,Fijo,No,Silla móvil y mesa fija
562,,,,,,,,
563,SD_805,"233,1",Sd,135.0,1119.0,Fijo,Si,Silla móvil y mesa fija
564,,,,,,,,
565,O_301,"64,2",O,56.0,5261.0,Fijo,No,Silla móvil y mesa fija
566,,,,,,,,
567,,,,,,,,
568,,,,,,,,
569,SD_207,"58,2",Sd,24.0,nan,Movil,Si,"Silla móvil, mesa móvil"
570,,,,,,,,
571,,,,,,,,
572,,,,,,,,
573,R_111,"83,0",R,70.0,nan,Fijo,No,Silla y superficie abatible fijas
574,,,,,,,,
575,,,,,,,,
576,,,,,,,,
577,,,,,,,,
578,SD_804,"144,8",Sd,82.0,1118.0,Fijo,Si,Silla móvil y mesa fija
579,,,,,,,,
580,,,,,,,,
581,,,,,,,,
582,,,,,,,,
583,AU_102,"62,6",Au,48.0,5602.0,Movil,Si,Mesa trapezoidal con silla móviles
584,,,,,,,,
585,R_113,"83,5",R,77.0,nan,Fijo,No,Silla y superficie abatible fijas
586,,,,,,,,
587,ML_510,"98,1",ML,69.0,1617.0,Fijo,Si,Silla móvil y mesa fija
588,,,,,,,,
589,,,,,,,,
590,ML_512,"92,2",ML,61.0,1621.0,Fijo,Si,Silla móvil y mesa fija
591,,,,,,,,
592,,,,,,,,
593,,,,,,,,
594,,,,,,,,
595,,,,,,,,
596,,,,,,,,
597,,,,,,,,
598,,,,,,,,
599,,,,,,,,
600,,,,,,,,
601,,,,,,,,
602,,,,,,,,
603,,,,,,,,
604,,,,,,,,
605,,,,,,,,
606,,,,,,,,
607,,,,,,,,
608,,,,,,,,
609,,,,,,,,
610,,,,,,,,
611,,,,,,,,
612,,,,,,,,
613,,,,,,,,
614,,,,,,,,
615,,,,,,,,
616,,,,,,,,
617,,,,,,,,
618,,,,,,,,
619,,,,,,,,
620,,,,,,,,
621,,,,,,,,
622,,,,,,,,
623,,,,,,,,
624,,,,,,,,
625,,,,,,,,
626,,,,,,,,
627,,,,,,,,
628,,,,,,,,
629,,,,,,,,
630,,,,,,,,
631,,,,,,,,
632,,,,,,,,
633,,,,,,,,
634,,,,,,,,
635,,,,,,,,
636,,,,,,,,
637,,,,,,,,
638,,,,,,,,
639,W_402,"81,8",W,40.0,5014.0,Fijo,Si,Silla móvil y mesa fija
640,W_402,"81,8",W,40.0,5014.0,Fijo,Si,Silla móvil y mesa fija
641,W_402,"81,8",W,40.0,5014.0,Fijo,Si,Silla móvil y mesa fija
642,W_402,"81,8",W,40.0,5014.0,Fijo,Si,Silla móvil y mesa fija
643,W_402,"81,8",W,40.0,5014.0,Fijo,Si,Silla móvil y mesa fija
644,ML_515,"114,9",ML,44.0,1628.0,Movil,Si,"Silla móvil, mesa móvil"
645,ML_515,"114,9",ML,44.0,1628.0,Movil,Si,"Silla móvil, mesa móvil"
646,ML_514,"98,1",ML,69.0,1620.0,Fijo,Si,Silla móvil y mesa fija
647,,,,,,,,
648,LL_304,"50,8",LL,50.0,5092.0,Movil,No,Pupitre universitario
649,,,,,,,,
650,,,,,,,,
651,,,,,,,,
652,,,,,,,,
653,,,,,,,,
654,,,,,,,,
655,,,,,,,,
656,,,,,,,,
657,,,,,,,,
658,,,,,,,,
659,,,,,,,,
660,,,,,,,,
661,,,,,,,,
662,,,,,,,,
663,,,,,,,,
664,,,,,,,,
665,,,,,,,,
666,,,,,,,,
667,,,,,,,,
668,,,,,,,,
669,,,,,,,,
670,,,,,,,,
671,,,,,,,,
672,,,,,,,,
673,,,,,,,,
674,,,,,,,,
675,,,,,,,,
676,,,,,,,,
677,,,,,,,,
678,,,,,,,,
679,,,,,,,,
680,,,,,,,,
681,,,,,,,,
682,,,,,,,,
683,,,,,,,,
684,,,,,,,,
685,,,,,,,,
686,,,,,,,,
687,,,,,,,,
688,,,,,,,,
689,,,,,,,,
690,,,,,,,,
691,,,,,,,,
692,,,,,,,,
693,,,,,,,,
694,,,,,,,,
695,,,,,,,,
696,,,,,,,,
697,,,,,,,,
698,,,,,,,,
699,,,,,,,,
700,,,,,,,,
701,,,,,,,,
702,,,,,,,,
703,,,,,,,,
704,,,,,,,,
705,,,,,,,,
706,,,,,,,,
707,,,,,,,,
708,,,,,,,,
709,,,,,,,,
710,,,,,,,,
711,,,,,,,,
712,,,,,,,,
713,,,,,,,,
714,,,,,,,,
715,,,,,,,,
716,,,,,,,,
717,,,,,,,,
718,,,,,,,,
719,,,,,,,,
720,,,,,,,,
721,,,,,,,,
722,,,,,,,,
723,,,,,,,,
724,,,,,,,,
725,,,,,,,,
726,,,,,,,,
727,,,,,,,,
728,,,,,,,,
729,,,,,,,,
730,,,,,,,,
731,,,,,,,,
732,,,,,,,,
733,,,,,,,,
734,,,,,,,,
735,,,,,,,,
736,,,,,,,,
737,,,,,,,,
738,,,,,,,,
739,,,,,,,,
740,,,,,,,,
741,,,,,,,,
742,,,,,,,,
743,,,,,,,,
744,,,,,,,,
745,,,,,,,,
746,,,,,,,,
747,,,,,,,,
748,,,,,,,,
749,,,,,,,,
750,,,,,,,,
751,,,,,,,,
752,,,,,,,,
753,,,,,,,,
754,,,,,,,,
755,,,,,,,,
756,,,,,,,,
757,,,,,,,,
758,,,,,,,,
759,,,,,,,,
760,,,,,,,,
761,,,,,,,,
762,,,,,,,,
763,,,,,,,,
764,,,,,,,,
765,,,,,,,,
766,,,,,,,,
767,,,,,,,,
768,,,,,,,,
769,,,,,,,,
770,,,,,,,,
771,,,,,,,,
772,,,,,,,,
773,,,,,,,,
774,,,,,,,,
775,,,,,,,,
776,,,,,,,,
777,,,,,,,,
778,,,,,,,,
779,,,,,,,,
780,,,,,,,,
781,,,,,,,,
782,,,,,,,,
783,,,,,,,,
784,,,,,,,,
785,,,,,,,,
786,,,,,,,,
787,,,,,,,,
788,,,,,,,,
789,,,,,,,,
790,,,,,,,,
791,,,,,,,,
792,,,,,,,,
793,,,,,,,,
794,,,,,,,,
795,,,,,,,,
796,,,,,,,,
797,,,,,,,,
798,,,,,,,,
799,,,,,,,,
800,,,,,,,,
801,,,,,,,,
802,,,,,,,,
803,,,,,,,,
804,,,,,,,,
805,,,,,,,,
806,,,,,,,,
807,,,,,,,,
808,,,,,,,,
809,,,,,,,,
810,,,,,,,,
811,,,,,,,,
812,,,,,,,,
813,,,,,,,,
814,,,,,,,,
815,,,,,,,,
816,,,,,,,,
817,,,,,,,,
818,,,,,,,,
819,,,,,,,,
820,,,,,,,,
821,,,,,,,,
822,,,,,,,,
823,,,,,,,,
824,,,,,,,,
825,AU_401,"46,0",Au,40.0,5631.0,Movil,Si,"Silla móvil, mesa móvil"
826,,,,,,,,
827,,,,,,,,
828,,,,,,,,
829,,,,,,,,
830,,,,,,,,
831,,,,,,,,
832,,,,,,,,
833,,,,,,,,
834,,,,,,,,
835,,,,,,,,
836,SD_801,"140,0",Sd,82.0,1110.0,Fijo,Si,Silla móvil y mesa fija
837,,,,,,,,
838,,,,,,,,
839,,,,,,,,
840,,,,,,,,
841,,,,,,,,
842,,,,,,,,
843,,,,,,,,
844,,,,,,,,
845,,,,,,,,
846,,,,,,,,
847,,,,,,,,
848,,,,,,,,
849,,,,,,,,
850,,,,,,,,
851,,,,,,,,
852,,,,,,,,
853,,,,,,,,
854,,,,,,,,
855,LL_302,"51,6",LL,52.0,5090.0,Movil,No,Pupitre universitario
856,,,,,,,,
857,,,,,,,,
858,,,,,,,,
859,B_402,"186,1",B,99.0,nan,Fijo,No (es salas de computo también),Silla móvil y mesa fija
860,,,,,,,,
861,,,,,,,,
862,,,,,,,,
863,,,,,,,,
864,,,,,,,,
865,,,,,,,,
866,,,,,,,,
867,,,,,,,,
868,,,,,,,,
869,O_303,"64,2",O,56.0,5263.0,Fijo,No,Silla móvil y mesa fija
870,,,,,,,,
871,,,,,,,,
872,,,,,,,,
873,,,,,,,,
874,,,,,,,,
875,,,,,,,,
876,,,,,,,,
877,,,,,,,,
878,,,,,,,,
879,,,,,,,,
880,,,,,,,,
881,,,,,,,,
882,,,,,,,,
883,,,,,,,,
884,,,,,,,,
885,,,,,,,,
886,,,,,,,,
887,,,,,,,,
888,,,,,,,,
889,,,,,,,,
890,,,,,,,,
891,,,,,,,,
892,,,,,,,,
893,,,,,,,,
894,,,,,,,,
895,,,,,,,,
896,,,,,,,,
897,,,,,,,,
898,,,,,,,,
899,,,,,,,,
900,,,,,,,,
901,,,,,,,,
902,S1_202,"67,0",S1,45.0,nan,Movil,No,"Silla móvil, mesa móvil"
903,,,,,,,,
904,,,,,,,,
905,,,,,,,,
906,,,,,,,,
907,,,,,,,,
908,C_105,"86,7",C,60.0,nan,Fijo,si,Silla móvil y mesa fija
909,AU_102,"62,6",Au,48.0,5602.0,Movil,Si,Mesa trapezoidal con silla móviles
910,W_403,"81,2",W,42.0,5015.0,Fijo,Si,Silla móvil y mesa fija
911,,,,,,,,
912,,,,,,,,
913,,,,,,,,
914,,,,,,,,
915,,,,,,,,
916,,,,,,,,
917,,,,,,,,
918,,,,,,,,
919,,,,,,,,
920,,,,,,,,
921,,,,,,,,
922,,,,,,,,
923,,,,,,,,
924,AU_309,"42,5",Au,28.0,5627.0,Movil,Si,"Silla móvil, mesa móvil"
925,,,,,,,,
926,,,,,,,,
927,,,,,,,,
928,,,,,,,,
929,AU_203,"59,8",Au,48.0,5610.0,Movil,SI,"Silla móvil, mesa móvil"
930,,,,,,,,
931,,,,,,,,
932,,,,,,,,
933,,,,,,,,
934,,,,,,,,
935,,,,,,,,
936,,,,,,,,
937,,,,,,,,
938,,,,,,,,
939,,,,,,,,
940,,,,,,,,
941,,,,,,,,
942,,,,,,,,
943,,,,,,,,
944,,,,,,,,
945,W_402,"81,8",W,40.0,5014.0,Fijo,Si,Silla móvil y mesa fija
946,,,,,,,,
947,,,,,,,,
948,,,,,,,,
949,,,,,,,,
950,,,,,,,,
951,,,,,,,,
952,,,,,,,,
953,,,,,,,,
954,,,,,,,,
955,Z_202,"46,4",Z,34.0,nan,Movil,No,"Silla móvil, mesa móvil"
956,,,,,,,,
957,,,,,,,,
958,,,,,,,,
959,,,,,,,,
960,,,,,,,,
961,ML_515,"114,9",ML,44.0,1628.0,Movil,Si,"Silla móvil, mesa móvil"
962,,,,,,,,
963,,,,,,,,
964,,,,,,,,
965,,,,,,,,
966,,,,,,,,
967,,,,,,,,
968,,,,,,,,
969,,,,,,,,
970,,,,,,,,
971,,,,,,,,
972,,,,,,,,
973,,,,,,,,
974,AU_108,"21,9",Au,17.0,5606.0,Movil,No,Pupitre universitario
975,AU_306,"45,8",Au,32.0,5624.0,Movil,Si,"Silla móvil, mesa móvil"
976,AU_304,"37,1",Au,28.0,5622.0,Movil,No,Pupitre universitario
977,,,,,,,,
978,,,,,,,,
979,,,,,,,,
980,,,,,,,,
981,,,,,,,,
982,,,,,,,,
983,,,,,,,,
984,,,,,,,,
985,,,,,,,,
986,,,,,,,,
987,,,,,,,,
988,ML_511,"85,4",ML,61.0,1615.0,Fijo,Si,Silla móvil y mesa fija
989,ML_511,"85,4",ML,61.0,1615.0,Fijo,Si,Silla móvil y mesa fija
990,,,,,,,,
991,,,,,,,,
992,,,,,,,,
993,,,,,,,,
994,,,,,,,,
995,,,,,,,,
996,,,,,,,,
997,,,,,,,,
998,W_503,"54,8",W,24.0,5019.0,Fijo,Si,Silla móvil y mesa fija
999,W_503,"54,8",W,24.0,5019.0,Fijo,Si,Silla móvil y mesa fija
1000,W_503,"54,8",W,24.0,5019.0,Fijo,Si,Silla móvil y mesa fija
1001,W_503,"54,8",W,24.0,5019.0,Fijo,Si,Silla móvil y mesa fija
1002,,,,,,,,
1003,,,,,,,,
1004,,,,,,,,
1005,,,,,,,,
1006,,,,,,,,
1007,,,,,,,,
1008,,,,,,,,
1009,,,,,,,,
1010,,,,,,,,
1011,,,,,,,,
1012,,,,,,,,
1013,,,,,,,,
1014,,,,,,,,
1015,,,,,,,,
1016,,,,,,,,
1017,,,,,,,,
1018,,,,,,,,
1019,,,,,,,,
1020,,,,,,,,
1021,,,,,,,,
1022,,,,,,,,
1023,,,,,,,,
1024,,,,,,,,
1025,,,,,,,,
1026,,,,,,,,
1027,,,,,,,,
1028,,,,,,,,
1029,,,,,,,,
1030,,,,,,,,
1031,,,,,,,,
1032,,,,,,,,
1033,,,,,,,,
1034,,,,,,,,
1035,,,,,,,,
1036,,,,,,,,
1037,,,,,,,,
1038,,,,,,,,
1039,,,,,,,,
1040,,,,,,,,
1041,,,,,,,,
1042,,,,,,,,
1043,,,,,,,,
1044,,,,,,,,
1045,,,,,,,,
1046,,,,,,,,
1047,,,,,,,,
1048,,,,,,,,
1049,,,,,,,,
1050,,,,,,,,
1051,,,,,,,,
1052,,,,,,,,
1053,,,,,,,,
1054,,,,,,,,
1055,,,,,,,,
1056,,,,,,,,
1057,,,,,,,,
1058,,,,,,,,
1059,,,,,,,,
1060,,,,,,,,
1061,,,,,,,,
1062,,,,,,,,
1063,,,,,,,,
1064,ML_606,"125,7",ML,81.0,1612.0,Fijo,Si,Silla móvil y mesa fija
1065,,,,,,,,
1066,,,,,,,,
1067,,,,,,,,
1068,,,,,,,,
1069,,,,,,,,
1070,,,,,,,,
1071,,,,,,,,
1072,,,,,,,,
1073,,,,,,,,
1074,,,,,,,,
1075,,,,,,,,
1076,,,,,,,,
1077,,,,,,,,
1078,,,,,,,,
1079,,,,,,,,
1080,,,,,,,,
1081,,,,,,,,
1082,,,,,,,,
1083,,,,,,,,
1084,,,,,,,,
1085,,,,,,,,
1086,,,,,,,,
1087,,,,,,,,
1088,,,,,,,,
1089,,,,,,,,
1090,,,,,,,,
1091,,,,,,,,
1092,,,,,,,,
1093,,,,,,,,
1094,,,,,,,,
1095,,,,,,,,
1096,,,,,,,,
1097,,,,,,,,
1098,,,,,,,,
1099,,,,,,,,
1100,,,,,,,,
1101,,,,,,,,
1102,,,,,,,,
1103,,,,,,,,
1104,,,,,,,,
1105,,,,,,,,
1106,,,,,,,,
1107,,,,,,,,
1108,,,,,,,,
1109,,,,,,,,
1110,,,,,,,,
1111,,,,,,,,
1112,,,,,,,,
1113,,,,,,,,
1114,,,,,,,,
1115,,,,,,,,
1116,,,,,,,,
1117,,,,,,,,
1118,,,,,,,,
1119,,,,,,,,
1120,,,,,,,,
1121,,,,,,,,
1122,,,,,,,,
1123,,,,,,,,
1124,,,,,,,,
1125,,,,,,,,
1126,,,,,,,,
1127,,,,,,,,
1128,,,,,,,,
1129,,,,,,,,
1130,,,,,,,,
1131,,,,,,,,
1132,,,,,,,,
1133,,,,,,,,
1134,,,,,,,,
1135,,,,,,,,
1136,W_502,"55,0",W,24.0,5018.0,Fijo,Si,Silla móvil y mesa fija
1137,W_502,"55,0",W,24.0,5018.0,Fijo,Si,Silla móvil y mesa fija
1138,SD_715,"140,4",Sd,65.0,1109.0,Fijo,Si,Silla móvil y mesa fija
1139,AU_201,"59,8",Au,44.0,5608.0,Movil,Si,Mesa trapezoidal con silla móviles
1140,AU_205,"59,8",Au,40.0,5612.0,Movil,SI,"Silla móvil, mesa móvil"
1141,,,,,,,,
1142,,,,,,,,
1143,,,,,,,,
1144,,,,,,,,
1145,,,,,,,,
1146,,,,,,,,
1147,,,,,,,,
1148,,,,,,,,
1149,,,,,,,,
1150,,,,,,,,
1151,,,,,,,,
1152,,,,,,,,
1153,,,,,,,,
1154,,,,,,,,
1155,,,,,,,,
1156,,,,,,,,
1157,,,,,,,,
1158,,,,,,,,
1159,,,,,,,,
1160,,,,,,,,
1161,,,,,,,,
1162,,,,,,,,
1163,,,,,,,,
1164,,,,,,,,
1165,,,,,,,,
1166,,,,,,,,
1167,,,,,,,,
1168,,,,,,,,
1169,,,,,,,,
1170,,,,,,,,
1171,,,,,,,,
1172,,,,,,,,
1173,,,,,,,,
1174,,,,,,,,
1175,,,,,,,,
1176,,,,,,,,
1177,,,,,,,,
1178,,,,,,,,
1179,,,,,,,,
1180,,,,,,,,
1181,,,,,,,,
1182,C_309,"89,7",C,60.0,nan,Movil,si,"Silla móvil, mesa móvil"
1183,,,,,,,,
1184,,,,,,,,
1185,,,,,,,,
1186,,,,,,,,
1187,,,,,,,,
1188,,,,,,,,
1189,,,,,,,,
1190,,,,,,,,
1191,,,,,,,,
1192,,,,,,,,
1193,,,,,,,,
1194,,,,,,,,
1195,,,,,,,,
1196,,,,,,,,
1197,,,,,,,,
1198,,,,,,,,
1199,,,,,,,,
1200,,,,,,,,
1201,,,,,,,,
1202,,,,,,,,
1203,,,,,,,,
1204,SD_807,"140,4",Sd,82.0,1114.0,Fijo,Si,Silla móvil y mesa fija
1205,,,,,,,,
1206,,,,,,,,
1207,,,,,,,,
1208,,,,,,,,
1209,,,,,,,,
1210,,,,,,,,
1211,,,,,,,,
1212,O_202,"70,6",O,62.0,5257.0,Fijo,No,Silla móvil y mesa fija
1213,,,,,,,,
1214,,,,,,,,
1215,,,,,,,,
1216,,,,,,,,
1217,,,,,,,,
1218,,,,,,,,
1219,,,,,,,,
1220,SD_805,"233,1",Sd,135.0,1119.0,Fijo,Si,Silla móvil y mesa fija
1221,,,,,,,,
1222,,,,,,,,
1223,,,,,,,,
1224,,,,,,,,
1225,,,,,,,,
1226,,,,,,,,
1227,,,,,,,,
1228,,,,,,,,
1229,,,,,,,,
1230,,,,,,,,
1231,,,,,,,,
1232,,,,,,,,
1233,,,,,,,,
1234,,,,,,,,
1235,ML_603,"165,6",ML,117.0,1626.0,Fijo,Si,Silla móvil y mesa fija
1236,G_101,"120,6",G,84.0,5501.0,Fijo,No,Silla móvil y mesa fija
1237,,,,,,,,
1238,,,,,,,,
1239,,,,,,,,
1240,,,,,,,,
1241,,,,,,,,
1242,R_111,"83,0",R,70.0,nan,Fijo,No,Silla y superficie abatible fijas
1243,,,,,,,,
1244,,,,,,,,
1245,,,,,,,,
1246,,,,,,,,
1247,,,,,,,,
1248,,,,,,,,
1249,O_103,"94,0",O,121.0,5252.0,Fijo,No,Silla y superficie abatible fijas
1250,,,,,,,,
1251,,,,,,,,
1252,,,,,,,,
1253,,,,,,,,
1254,,,,,,,,
1255,,,,,,,,
1256,,,,,,,,
1257,,,,,,,,
1258,,,,,,,,
1259,,,,,,,,
1260,,,,,,,,
1261,,,,,,,,
1262,,,,,,,,
1263,,,,,,,,
1264,W_505,"82,6",W,42.0,5021.0,Fijo,Si,Silla móvil y mesa fija
1265,,,,,,,,
1266,,,,,,,,
1267,,,,,,,,
1268,,,,,,,,
1269,,,,,,,,
1270,,,,,,,,
1271,,,,,,,,
1272,,,,,,,,
1273,,,,,,,,
1274,,,,,,,,
1275,R_113,"83,5",R,77.0,nan,Fijo,No,Silla y superficie abatible fijas
1276,,,,,,,,
1277,,,,,,,,
1278,,,,,,,,
1279,,,,,,,,
1280,,,,,,,,
1281,,,,,,,,
1282,ML_617,"146,7",ML,94.0,1625.0,Fijo,SI,Silla móvil y mesa fija
1283,,,,,,,,
1284,,,,,,,,
1285,,,,,,,,
1286,W_201,"55,8",W,24.0,5004.0,Fijo,Si,Silla móvil y mesa fija
1287,,,,,,,,
1288,,,,,,,,
1289,,,,,,,,
1290,,,,,,,,
1291,,,,,,,,
1292,,,,,,,,
1293,,,,,,,,
1294,,,,,,,,
1295,,,,,,,,
1296,C_108,"40,2",C,22.0,nan,Movil,si,"Silla móvil, mesa móvil"
1297,,,,,,,,
1298,,,,,,,,
1299,ML_512,"92,2",ML,61.0,1621.0,Fijo,Si,Silla móvil y mesa fija
1300,,,,,,,,
1301,,,,,,,,
1302,,,,,,,,
1303,,,,,,,,
1304,,,,,,,,
1305,,,,,,,,
1306,,,,,,,,
1307,LL_105,"37,8",LL,38.0,5080.0,Movil,SI,Pupitre universitario
1308,,,,,,,,
1309,,,,,,,,
1310,,,,,,,,
1311,,,,,,,,
1312,,,,,,,,
1313,,,,,,,,
1314,,,,,,,,
1315,,,,,,,,
1316,,,,,,,,
1317,ML_512,"92,2",ML,61.0,1621.0,Fijo,Si,Silla móvil y mesa fija
1318,,,,,,,,
1319,,,,,,,,
1320,,,,,,,,
1321,,,,,,,,
1322,,,,,,,,
1323,,,,,,,,
1324,,,,,,,,
1325,,,,,,,,
1326,,,,,,,,
1327,,,,,,,,
1328,,,,,,,,
1329,,,,,,,,
1330,,,,,,,,
1331,,,,,,,,
1332,,,,,,,,
1333,,,,,,,,
1334,,,,,,,,
1335,,,,,,,,
1336,,,,,,,,
1337,ML_514,"98,1",ML,69.0,1620.0,Fijo,Si,Silla móvil y mesa fija
1338,SD_801,"140,0",Sd,82.0,1110.0,Fijo,Si,Silla móvil y mesa fija
1339,,,,,,,,
1340,,,,,,,,
1341,,,,,,,,
1342,R_113,"83,5",R,77.0,nan,Fijo,No,Silla y superficie abatible fijas
1343,,,,,,,,
1344,,,,,,,,
1345,,,,,,,,
1346,,,,,,,,
1347,,,,,,,,
1348,,,,,,,,
1349,W_504,"82,3",W,42.0,5020.0,Fijo,Si,Silla móvil y mesa fija
1350,,,,,,,,
1351,Q_307,"88,1",Q,42.0,1455.0,Fijo,SI,Silla móvil y mesa fija
1352,,,,,,,,
1353,,,,,,,,
1354,,,,,,,,
1355,,,,,,,,
1356,,,,,,,,
1357,,,,,,,,
1358,AU_104,"62,6",Au,48.0,5604.0,Movil,Si,Mesa trapezoidal con silla móviles
1359,,,,,,,,
1360,,,,,,,,
1361,,,,,,,,
1362,,,,,,,,
1363,,,,,,,,
1364,W_404,"139,7",W,79.0,5016.0,Fijo,Si,Silla móvil y mesa fija
1365,,,,,,,,
1366,,,,,,,,
1367,,,,,,,,
1368,AU_104,"62,6",Au,48.0,5604.0,Movil,Si,Mesa trapezoidal con silla móviles
1369,,,,,,,,
1370,,,,,,,,
1371,,,,,,,,
1372,W_201,"55,8",W,24.0,5004.0,Fijo,Si,Silla móvil y mesa fija
1373,,,,,,,,
1374,,,,,,,,
1375,LL_202,"51,7",LL,32.0,5085.0,Fijo,Si,Silla móvil y mesa fija
1376,W_202,"54,8",W,24.0,5005.0,Fijo,Si,Silla móvil y mesa fija
1377,,,,,,,,
1378,AU_102,"62,6",Au,48.0,5602.0,Movil,Si,Mesa trapezoidal con silla móviles
1379,,,,,,,,
1380,,,,,,,,
1381,,,,,,,,
1382,AU_104,"62,6",Au,48.0,5604.0,Movil,Si,Mesa trapezoidal con silla móviles
1383,,,,,,,,
1384,,,,,,,,
1385,,,,,,,,
1386,,,,,,,,
1387,,,,,,,,
1388,,,,,,,,
1389,,,,,,,,
1390,,,,,,,,
1391,,,,,,,,
1392,,,,,,,,
1393,W_505,"82,6",W,42.0,5021.0,Fijo,Si,Silla móvil y mesa fija
1394,W_505,"82,6",W,42.0,5021.0,Fijo,Si,Silla móvil y mesa fija
1395,W_505,"82,6",W,42.0,5021.0,Fijo,Si,Silla móvil y mesa fija
1396,,,,,,,,
1397,LL_101,"51,7",LL,47.0,5076.0,Movil,SI,Pupitre universitario
1398,,,,,,,,
1399,R_113,"83,5",R,77.0,nan,Fijo,No,Silla y superficie abatible fijas
1400,C_105,"86,7",C,60.0,nan,Fijo,si,Silla móvil y mesa fija
1401,,,,,,,,
1402,,,,,,,,
1403,,,,,,,,
1404,,,,,,,,
1405,,,,,,,,
1406,,,,,,,,
1407,,,,,,,,
1408,O_105,"72,7",O,62.0,5254.0,Fijo,No,Silla móvil y mesa fija
1409,,,,,,,,
1410,,,,,,,,
1411,G_102,"48,6",G,20.0,5502.0,Fijo,No,Silla móvil y mesa fija
1412,,,,,,,,
1413,,,,,,,,
1414,AU_311,"21,3",Au,19.0,5629.0,Movil,No,Pupitre universitario
1415,C_210,"42,6",C,22.0,nan,Movil,si,"Silla móvil, mesa móvil"
1416,,,,,,,,
1417,,,,,,,,
1418,,,,,,,,
1419,,,,,,,,
1420,W_505,"82,6",W,42.0,5021.0,Fijo,Si,Silla móvil y mesa fija
1421,ML_614,"109,6",ML,44.0,1627.0,Movil,SI,"Silla móvil, mesa móvil"
1422,AU_205,"59,8",Au,40.0,5612.0,Movil,SI,"Silla móvil, mesa móvil"
1423,,,,,,,,
1424,,,,,,,,
1425,,,,,,,,
1426,,,,,,,,
1427,,,,,,,,
1428,,,,,,,,
1429,,,,,,,,
1430,,,,,,,,
1431,C_309,"89,7",C,60.0,nan,Movil,si,"Silla móvil, mesa móvil"
1432,,,,,,,,
1433,ML_516,"121,9",ML,44.0,1618.0,Movil,Si,"Silla móvil, mesa móvil"
1434,AU_401,"46,0",Au,40.0,5631.0,Movil,Si,"Silla móvil, mesa móvil"
1435,,,,,,,,
1436,,,,,,,,
1437,SD_207,"58,2",Sd,24.0,nan,Movil,Si,"Silla móvil, mesa móvil"
1438,SD_201,"58,8",Sd,26.0,nan,Movil,Si,"Silla móvil, mesa móvil"
1439,ML_512,"92,2",ML,61.0,1621.0,Fijo,Si,Silla móvil y mesa fija
1440,ML_509,"85,4",ML,61.0,1613.0,Fijo,Si,Silla móvil y mesa fija
1441,ML_511,"85,4",ML,61.0,1615.0,Fijo,Si,Silla móvil y mesa fija
1442,SD_704,"144,8",Sd,60.0,1106.0,Movil,Si,"Silla móvil, mesa móvil"
1443,ML_615,"109,6",ML,80.0,1623.0,Fijo,SI,Silla móvil y mesa fija
1444,C_308,"89,8",C,60.0,nan,Movil,si,"Silla móvil, mesa móvil"
1445,AU_204,"37,9",Au,40.0,5611.0,Movil,No,Pupitre universitario
1446,O_105,"72,7",O,62.0,5254.0,Fijo,No,Silla móvil y mesa fija
1447,C_105,"86,7",C,60.0,nan,Fijo,si,Silla móvil y mesa fija
1448,ML_604,"125,7",ML,81.0,1616.0,Fijo,Si,Silla móvil y mesa fija
1449,,,,,,,,
1450,W_403,"81,2",W,42.0,5015.0,Fijo,Si,Silla móvil y mesa fija
1451,LL_206,"51,2",LL,32.0,5088.0,Fijo,Si,Silla móvil y mesa fija
1452,,,,,,,,
1453,,,,,,,,
1454,,,,,,,,
1455,,,,,,,,
1456,,,,,,,,
1457,,,,,,,,
1458,,,,,,,,
1459,,,,,,,,
1460,,,,,,,,
1461,,,,,,,,
1462,,,,,,,,
1463,,,,,,,,
1464,,,,,,,,
1465,,,,,,,,
1466,,,,,,,,
1467,,,,,,,,
1468,,,,,,,,
1469,,,,,,,,
1470,,,,,,,,
1471,,,,,,,,
1472,,,,,,,,
1473,,,,,,,,
1474,,,,,,,,
1475,,,,,,,,
1476,,,,,,,,
1477,,,,,,,,
1478,,,,,,,,
1479,,,,,,,,
1480,,,,,,,,
1481,,,,,,,,
1482,O_101,"94,0",O,121.0,5250.0,Fijo,No,Silla y superficie abatible fijas
1483,,,,,,,,
1484,O_101,"94,0",O,121.0,5250.0,Fijo,No,Silla y superficie abatible fijas
1485,,,,,,,,
1486,,,,,,,,
1487,,,,,,,,
1488,,,,,,,,
1489,,,,,,,,
1490,,,,,,,,
1491,,,,,,,,
1492,,,,,,,,
1493,,,,,,,,
1494,,,,,,,,
1495,,,,,,,,
1496,,,,,,,,
1497,,,,,,,,
1498,,,,,,,,
1499,,,,,,,,
1500,,,,,,,,
1501,,,,,,,,
1502,,,,,,,,
1503,,,,,,,,
1504,,,,,,,,
1505,,,,,,,,
1506,,,,,,,,
1507,,,,,,,,
1508,,,,,,,,
1509,,,,,,,,
1510,,,,,,,,
1511,,,,,,,,
1512,,,,,,,,
1513,,,,,,,,
1514,,,,,,,,
1515,,,,,,,,
1516,,,,,,,,
1517,,,,,,,,
1518,,,,,,,,
1519,,,,,,,,
1520,,,,,,,,
1521,,,,,,,,
1522,,,,,,,,
1523,,,,,,,,
1524,,,,,,,,
1525,,,,,,,,
1526,,,,,,,,
1527,,,,,,,,
1528,,,,,,,,
1529,,,,,,,,
1530,,,,,,,,
1531,,,,,,,,
1532,,,,,,,,
1533,,,,,,,,
1534,,,,,,,,
1535,,,,,,,,
1536,,,,,,,,
1537,,,,,,,,
1538,,,,,,,,
1539,,,,,,,,
1540,,,,,,,,
1541,,,,,,,,
1542,,,,,,,,
1543,,,,,,,,
1544,,,,,,,,
1545,,,,,,,,
1546,,,,,,,,
1547,,,,,,,,
1548,,,,,,,,
1549,,,,,,,,
1550,,,,,,,,
1551,,,,,,,,
1552,,,,,,,,
1553,,,,,,,,
1554,,,,,,,,
1555,,,,,,,,
1556,,,,,,,,
1557,,,,,,,,
1558,,,,,,,,
1559,,,,,,,,
1560,,,,,,,,
1561,,,,,,,,
1562,,,,,,,,
1563,,,,,,,,
1564,,,,,,,,
1565,,,,,,,,
1566,,,,,,,,
1567,,,,,,,,
1568,,,,,,,,
1569,,,,,,,,
1570,,,,,,,,
1571,,,,,,,,
1572,,,,,,,,
1573,,,,,,,,
1574,,,,,,,,
1575,,,,,,,,
1576,,,,,,,,
1577,,,,,,,,
1578,,,,,,,,
1579,,,,,,,,
1580,,,,,,,,
1581,ML_617,"146,7",ML,94.0,1625.0,Fijo,SI,Silla móvil y mesa fija
1582,,,,,,,,
1583,,,,,,,,
1584,,,,,,,,
1585,,,,,,,,
1586,,,,,,,,
1587,,,,,,,,
1588,,,,,,,,
1589,,,,,,,,
1590,,,,,,,,
1591,,,,,,,,
1592,,,,,,,,
1593,,,,,,,,
1594,,,,,,,,
1595,,,,,,,,
1596,,,,,,,,
1597,,,,,,,,
1598,,,,,,,,
1599,,,,,,,,
1600,,,,,,,,
1601,,,,,,,,
1602,,,,,,,,
1603,,,,,,,,
1604,,,,,,,,
1605,,,,,,,,
1606,,,,,,,,
1607,,,,,,,,
1608,,,,,,,,
1609,,,,,,,,
1610,,,,,,,,
1611,,,,,,,,
1612,,,,,,,,
1613,,,,,,,,
1614,,,,,,,,
1615,,,,,,,,
1616,,,,,,,,
1617,,,,,,,,
1618,,,,,,,,
1619,,,,,,,,
1620,,,,,,,,
1621,,,,,,,,
1622,,,,,,,,
1623,,,,,,,,
1624,,,,,,,,
1625,,,,,,,,
1626,,,,,,,,
1627,,,,,,,,
1628,,,,,,,,
1629,,,,,,,,
1630,,,,,,,,
1631,,,,,,,,
1632,,,,,,,,
1633,,,,,,,,
1634,,,,,,,,
1635,,,,,,,,
1636,,,,,,,,
1637,,,,,,,,
1638,,,,,,,,
1639,,,,,,,,
1640,,,,,,,,
1641,,,,,,,,
1642,,,,,,,,
1643,,,,,,,,
1644,,,,,,,,
1645,,,,,,,,
1646,,,,,,,,
1647,,,,,,,,
1648,,,,,,,,
1649,,,,,,,,
1650,,,,,,,,
1651,,,,,,,,
1652,,,,,,,,
1653,,,,,,,,
1654,,,,,,,,
1655,,,,,,,,
1656,R_209,"172,1",R,192.0,nan,Fijo,No,Silla y superficie abatible fijas
1657,,,,,,,,
1658,,,,,,,,
1659,,,,,,,,
1660,,,,,,,,
1661,,,,,,,,
1662,,,,,,,,
1663,,,,,,,,
1664,,,,,,,,
1665,,,,,,,,
1666,,,,,,,,
1667,,,,,,,,
1668,,,,,,,,
1669,Z_104,"32,9",Z,32.0,nan,Movil,No,Pupitre universitario
1670,ML_615,"109,6",ML,80.0,1623.0,Fijo,SI,Silla móvil y mesa fija
1671,ML_606,"125,7",ML,81.0,1612.0,Fijo,Si,Silla móvil y mesa fija
1672,,,,,,,,
1673,,,,,,,,
1674,,,,,,,,
1675,,,,,,,,
1676,,,,,,,,
1677,,,,,,,,
1678,,,,,,,,
1679,,,,,,,,
1680,,,,,,,,
1681,,,,,,,,
1682,,,,,,,,
1683,,,,,,,,
1684,,,,,,,,
1685,,,,,,,,
1686,,,,,,,,
1687,,,,,,,,
1688,,,,,,,,
1689,O_303,"64,2",O,56.0,5263.0,Fijo,No,Silla móvil y mesa fija
1690,,,,,,,,
1691,SD_207,"58,2",Sd,24.0,nan,Movil,Si,"Silla móvil, mesa móvil"
1692,,,,,,,,
1693,W_504,"82,3",W,42.0,5020.0,Fijo,Si,Silla móvil y mesa fija
1694,W_202,"54,8",W,24.0,5005.0,Fijo,Si,Silla móvil y mesa fija
1695,ML_516,"121,9",ML,44.0,1618.0,Movil,Si,"Silla móvil, mesa móvil"
1696,LL_106,"38,0",LL,36.0,5081.0,Movil,SI,Pupitre universitario
1697,,,,,,,,
1698,O_202,"70,6",O,62.0,5257.0,Fijo,No,Silla móvil y mesa fija
1699,,,,,,,,
1700,LL_105,"37,8",LL,38.0,5080.0,Movil,SI,Pupitre universitario
1701,,,,,,,,
1702,,,,,,,,
1703,,,,,,,,
1704,,,,,,,,
1705,,,,,,,,
1706,SD_207,"58,2",Sd,24.0,nan,Movil,Si,"Silla móvil, mesa móvil"
1707,,,,,,,,
1708,LL_106,"38,0",LL,36.0,5081.0,Movil,SI,Pupitre universitario
1709,,,,,,,,
1710,,,,,,,,
1711,W_503,"54,8",W,24.0,5019.0,Fijo,Si,Silla móvil y mesa fija
1712,C_210,"42,6",C,22.0,nan,Movil,si,"Silla móvil, mesa móvil"
1713,LL_105,"37,8",LL,38.0,5080.0,Movil,SI,Pupitre universitario
1714,,,,,,,,
1715,,,,,,,,
1716,,,,,,,,
1717,,,,,,,,
1718,,,,,,,,
1719,,,,,,,,
1720,,,,,,,,
1721,,,,,,,,
1722,,,,,,,,
1723,,,,,,,,
1724,,,,,,,,
1725,,,,,,,,
1726,,,,,,,,
1727,,,,,,,,
1728,,,,,,,,
1729,,,,,,,,
1730,,,,,,,,
1731,,,,,,,,
1732,,,,,,,,
1733,,,,,,,,
1734,,,,,,,,
1735,,,,,,,,
1736,,,,,,,,
1737,,,,,,,,
1738,,,,,,,,
1739,,,,,,,,
1740,,,,,,,,
1741,,,,,,,,
1742,,,,,,,,
1743,,,,,,,,
1744,,,,,,,,
1745,,,,,,,,
1746,ML_614,"109,6",ML,44.0,1627.0,Movil,SI,"Silla móvil, mesa móvil"
1747,ML_511,"85,4",ML,61.0,1615.0,Fijo,Si,Silla móvil y mesa fija
1748,,,,,,,,
1749,,,,,,,,
1750,,,,,,,,
1751,,,,,,,,
1752,C_205,"42,6",C,22.0,nan,Movil,si,"Silla móvil, mesa móvil"
1753,,,,,,,,
1754,,,,,,,,
1755,,,,,,,,
1756,,,,,,,,
1757,,,,,,,,
1758,,,,,,,,
1759,LL_108,"38,0",LL,36.0,5083.0,Movil,SI,Pupitre universitario
1760,,,,,,,,
1761,,,,,,,,
1762,,,,,,,,
1763,,,,,,,,
1764,,,,,,,,
1765,,,,,,,,
1766,,,,,,,,
1767,,,,,,,,
1768,,,,,,,,
1769,,,,,,,,
1770,,,,,,,,
1771,,,,,,,,
1772,,,,,,,,
1773,,,,,,,,
1774,,,,,,,,
1775,,,,,,,,
1776,LL_303,"51,5",LL,50.0,5091.0,Movil,No,Pupitre universitario
1777,LL_303,"51,5",LL,50.0,5091.0,Movil,No,Pupitre universitario
1778,,,,,,,,
1779,,,,,,,,
1780,,,,,,,,
1781,,,,,,,,
1782,R_209,"172,1",R,192.0,nan,Fijo,No,Silla y superficie abatible fijas
1783,ML_603,"165,6",ML,117.0,1626.0,Fijo,Si,Silla móvil y mesa fija
1784,,,,,,,,
1785,,,,,,,,
1786,O_104,"94,0",O,121.0,5253.0,Fijo,No,Silla y superficie abatible fijas
1787,,,,,,,,
1788,O_102,"94,0",O,121.0,5251.0,Fijo,No,Silla y superficie abatible fijas
1789,,,,,,,,
1790,SD_806,"140,4",Sd,82.0,1164.0,Fijo,Si,Silla móvil y mesa fija
1791,W_505,"82,6",W,42.0,5021.0,Fijo,Si,Silla móvil y mesa fija
1792,,,,,,,,
1793,,,,,,,,
1794,,,,,,,,
1795,,,,,,,,
1796,,,,,,,,
1797,,,,,,,,
1798,,,,,,,,
1799,,,,,,,,
1800,,,,,,,,
1801,,,,,,,,
1802,,,,,,,,
1803,,,,,,,,
1804,,,,,,,,
1805,ML_512,"92,2",ML,61.0,1621.0,Fijo,Si,Silla móvil y mesa fija
1806,R_209,"172,1",R,192.0,nan,Fijo,No,Silla y superficie abatible fijas
1807,,,,,,,,
1808,,,,,,,,
1809,,,,,,,,
1810,,,,,,,,
1811,,,,,,,,
1812,,,,,,,,
1813,,,,,,,,
1814,,,,,,,,
1815,,,,,,,,
1816,,,,,,,,
1817,,,,,,,,
1818,AU_203,"59,8",Au,48.0,5610.0,Movil,SI,"Silla móvil, mesa móvil"
1819,,,,,,,,
1820,,,,,,,,
1821,,,,,,,,
1822,AU_204,"37,9",Au,40.0,5611.0,Movil,No,Pupitre universitario
1823,,,,,,,,
1824,,,,,,,,
1825,,,,,,,,
1826,,,,,,,,
1827,,,,,,,,
1828,,,,,,,,
1829,,,,,,,,
1830,,,,,,,,
1831,,,,,,,,
1832,,,,,,,,
1833,,,,,,,,
1834,,,,,,,,
1835,,,,,,,,
1836,,,,,,,,
1837,W_204,"82,4",W,42.0,5007.0,Fijo,Si,Silla móvil y mesa fija
1838,,,,,,,,
1839,,,,,,,,
1840,,,,,,,,
1841,,,,,,,,
1842,SD_801,"140,0",Sd,82.0,1110.0,Fijo,Si,Silla móvil y mesa fija
1843,LL_206,"51,2",LL,32.0,5088.0,Fijo,Si,Silla móvil y mesa fija
1844,,,,,,,,
1845,,,,,,,,
1846,SD_716,"140,4",Sd,65.0,1105.0,Fijo,Si,Silla móvil y mesa fija
1847,,,,,,,,
1848,,,,,,,,
1849,,,,,,,,
1850,,,,,,,,
1851,,,,,,,,
1852,,,,,,,,
1853,,,,,,,,
1854,ML_511,"85,4",ML,61.0,1615.0,Fijo,Si,Silla móvil y mesa fija
1855,,,,,,,,
1856,,,,,,,,
1857,,,,,,,,
1858,,,,,,,,
1859,,,,,,,,
1860,,,,,,,,
1861,ML_617,"146,7",ML,94.0,1625.0,Fijo,SI,Silla móvil y mesa fija
1862,,,,,,,,
1863,,,,,,,,
1864,,,,,,,,
1865,,,,,,,,
1866,AU_102,"62,6",Au,48.0,5602.0,Movil,Si,Mesa trapezoidal con silla móviles
1867,ML_514,"98,1",ML,69.0,1620.0,Fijo,Si,Silla móvil y mesa fija
1868,C_104,"130,8",C,100.0,nan,Fijo,si,Silla móvil y mesa fija
1869,,,,,,,,
1870,,,,,,,,
1871,,,,,,,,
1872,,,,,,,,
1873,,,,,,,,
1874,,,,,,,,
1875,,,,,,,,
1876,,,,,,,,
1877,,,,,,,,
1878,,,,,,,,
1879,ML_607,"125,7",ML,81.0,1624.0,Fijo,Si,Silla móvil y mesa fija
1880,,,,,,,,
1881,,,,,,,,
1882,,,,,,,,
1883,,,,,,,,
1884,SD_803,"140,0",Sd,82.0,1163.0,Fijo,Si,Silla móvil y mesa fija
1885,,,,,,,,
1886,,,,,,,,
1887,,,,,,,,
1888,,,,,,,,
1889,,,,,,,,
1890,,,,,,,,
1891,,,,,,,,
1892,,,,,,,,
1893,,,,,,,,
1894,,,,,,,,
1895,,,,,,,,
1896,,,,,,,,
1897,,,,,,,,
1898,,,,,,,,
1899,,,,,,,,
1900,,,,,,,,
1901,,,,,,,,
1902,,,,,,,,
1903,,,,,,,,
1904,,,,,,,,
1905,,,,,,,,
1906,,,,,,,,
1907,,,,,,,,
1908,,,,,,,,
1909,,,,,,,,
1910,,,,,,,,
1911,,,,,,,,
1912,SD_702,"140,0",Sd,65.0,1117.0,Fijo,Si,Silla móvil y mesa fija
1913,,,,,,,,
1914,,,,,,,,
1915,,,,,,,,
1916,,,,,,,,
1917,,,,,,,,
1918,,,,,,,,
1919,,,,,,,,
1920,,,,,,,,
1921,,,,,,,,
1922,,,,,,,,
1923,,,,,,,,
1924,,,,,,,,
1925,ML_604,"125,7",ML,81.0,1616.0,Fijo,Si,Silla móvil y mesa fija
1926,ML_511,"85,4",ML,61.0,1615.0,Fijo,Si,Silla móvil y mesa fija
1927,,,,,,,,
1928,,,,,,,,
1929,,,,,,,,
1930,G_101,"120,6",G,84.0,5501.0,Fijo,No,Silla móvil y mesa fija
1931,,,,,,,,
1932,,,,,,,,
1933,,,,,,,,
1934,,,,,,,,
1935,,,,,,,,
1936,,,,,,,,
1937,,,,,,,,
1938,,,,,,,,
1939,,,,,,,,
1940,,,,,,,,
1941,,,,,,,,
1942,,,,,,,,
1943,,,,,,,,
1944,,,,,,,,
1945,,,,,,,,
1946,,,,,,,,
1947,,,,,,,,
1948,,,,,,,,
1949,,,,,,,,
1950,,,,,,,,
1951,,,,,,,,
1952,,,,,,,,
1953,,,,,,,,
1954,,,,,,,,
1955,,,,,,,,
1956,,,,,,,,
1957,,,,,,,,
1958,,,,,,,,
1959,,,,,,,,
1960,,,,,,,,
1961,,,,,,,,
1962,,,,,,,,
1963,,,,,,,,
1964,,,,,,,,
1965,,,,,,,,
1966,,,,,,,,
1967,,,,,,,,
1968,,,,,,,,
1969,,,,,,,,
1970,,,,,,,,
1971,,,,,,,,
1972,,,,,,,,
1973,LL_101,"51,7",LL,47.0,5076.0,Movil,SI,Pupitre universitario
1974,AU_404,"43,7",Au,36.0,5634.0,Movil,Si,Mesa trapezoidal con silla móviles
1975,AU_108,"21,9",Au,17.0,5606.0,Movil,No,Pupitre universitario
1976,,,,,,,,
1977,,,,,,,,
1978,,,,,,,,
1979,,,,,,,,
1980,,,,,,,,
1981,,,,,,,,
1982,,,,,,,,
1983,,,,,,,,
1984,W_506,"82,8",W,40.0,5022.0,Fijo,Si,Silla móvil y mesa fija
1985,,,,,,,,
1986,,,,,,,,
1987,,,,,,,,
1988,,,,,,,,
1989,,,,,,,,
1990,,,,,,,,
1991,,,,,,,,
1992,O_402,"57,8",O,50.0,5268.0,Fijo,No,Silla móvil y mesa fija
1993,,,,,,,,
1994,,,,,,,,
1995,,,,,,,,
1996,,,,,,,,
1997,,,,,,,,
1998,,,,,,,,
1999,,,,,,,,
2000,,,,,,,,
2001,,,,,,,,
2002,,,,,,,,
2003,,,,,,,,
2004,,,,,,,,
2005,,,,,,,,
2006,,,,,,,,
2007,,,,,,,,
2008,,,,,,,,
2009,,,,,,,,
2010,,,,,,,,
2011,,,,,,,,
2012,,,,,,,,
2013,,,,,,,,
2014,,,,,,,,
2015,,,,,,,,
2016,,,,,,,,
2017,ML_614,"109,6",ML,44.0,1627.0,Movil,SI,"Silla móvil, mesa móvil"
2018,,,,,,,,
2019,,,,,,,,
2020,,,,,,,,
2021,,,,,,,,
2022,,,,,,,,
2023,,,,,,,,
2024,SD_716,"140,4",Sd,65.0,1105.0,Fijo,Si,Silla móvil y mesa fija
2025,,,,,,,,
2026,,,,,,,,
2027,,,,,,,,
2028,,,,,,,,
2029,,,,,,,,
2030,,,,,,,,
2031,,,,,,,,
2032,,,,,,,,
2033,,,,,,,,
2034,,,,,,,,
2035,ML_509,"85,4",ML,61.0,1613.0,Fijo,Si,Silla móvil y mesa fija
2036,,,,,,,,
2037,,,,,,,,
2038,,,,,,,,
2039,,,,,,,,
2040,,,,,,,,
2041,,,,,,,,
2042,,,,,,,,
2043,,,,,,,,
2044,,,,,,,,
2045,,,,,,,,
2046,LL_302,"51,6",LL,52.0,5090.0,Movil,No,Pupitre universitario
2047,,,,,,,,
2048,,,,,,,,
2049,,,,,,,,
2050,,,,,,,,
2051,,,,,,,,
2052,Y_101,"96,0",Y,60.0,nan,Movil,No,"Silla móvil, mesa móvil"
2053,,,,,,,,
2054,,,,,,,,
2055,,,,,,,,
2056,,,,,,,,
2057,,,,,,,,
2058,,,,,,,,
2059,,,,,,,,
2060,,,,,,,,
2061,,,,,,,,
2062,AU_104,"62,6",Au,48.0,5604.0,Movil,Si,Mesa trapezoidal con silla móviles
2063,AU_401,"46,0",Au,40.0,5631.0,Movil,Si,"Silla móvil, mesa móvil"
2064,,,,,,,,
2065,,,,,,,,
2066,,,,,,,,
2067,,,,,,,,
2068,,,,,,,,
2069,,,,,,,,
2070,,,,,,,,
2071,,,,,,,,
2072,,,,,,,,
2073,,,,,,,,
2074,,,,,,,,
2075,,,,,,,,
2076,,,,,,,,
2077,,,,,,,,
2078,,,,,,,,
2079,,,,,,,,
2080,,,,,,,,
2081,,,,,,,,
2082,,,,,,,,
2083,ML_511,"85,4",ML,61.0,1615.0,Fijo,Si,Silla móvil y mesa fija
2084,ML_607,"125,7",ML,81.0,1624.0,Fijo,Si,Silla móvil y mesa fija
2085,,,,,,,,
2086,,,,,,,,
2087,,,,,,,,
2088,,,,,,,,
2089,,,,,,,,
2090,,,,,,,,
2091,W_204,"82,4",W,42.0,5007.0,Fijo,Si,Silla móvil y mesa fija
2092,,,,,,,,
2093,,,,,,,,
2094,,,,,,,,
2095,,,,,,,,
2096,,,,,,,,
2097,,,,,,,,
2098,,,,,,,,
2099,,,,,,,,
2100,,,,,,,,
2101,,,,,,,,
2102,,,,,,,,
2103,,,,,,,,
2104,W_203,"54,8",W,24.0,5006.0,Fijo,Si,Silla móvil y mesa fija
2105,,,,,,,,
2106,,,,,,,,
2107,,,,,,,,
2108,,,,,,,,
2109,,,,,,,,
2110,,,,,,,,
2111,,,,,,,,
2112,,,,,,,,
2113,,,,,,,,
2114,,,,,,,,
2115,,,,,,,,
2116,,,,,,,,
2117,,,,,,,,
2118,,,,,,,,
2119,,,,,,,,
2120,,,,,,,,
2121,,,,,,,,
2122,,,,,,,,
2123,,,,,,,,
2124,,,,,,,,
2125,,,,,,,,
2126,,,,,,,,
2127,,,,,,,,
2128,LL_301,"51,6",LL,52.0,5089.0,Movil,No,Pupitre universitario
2129,C_307,"89,7",C,60.0,nan,Movil,si,"Silla móvil, mesa móvil"
2130,B_201,"122,8",B,51.0,1439.0,Fijo,No,Silla móvil y mesa fija
2131,S1_003,"75,8",S1,39.0,nan,Movil,No,"Silla móvil, mesa móvil"
2132,,,,,,,,
2133,O_205,"72,7",O,62.0,5260.0,Fijo,No,Silla móvil y mesa fija
2134,LL_302,"51,6",LL,52.0,5090.0,Movil,No,Pupitre universitario
2135,LL_301,"51,6",LL,52.0,5089.0,Movil,No,Pupitre universitario
2136,O_404,"57,8",O,50.0,5270.0,Fijo,No,Silla móvil y mesa fija
2137,,,,,,,,
2138,,,,,,,,
2139,,,,,,,,
2140,,,,,,,,
2141,,,,,,,,
2142,,,,,,,,
2143,,,,,,,,
2144,ML_110,"16,3",ML,10.0,nan,Movil,SI,"Silla móvil, mesa móvil"
2145,,,,,,,,
2146,,,,,,,,
2147,,,,,,,,
2148,,,,,,,,
2149,,,,,,,,
2150,,,,,,,,
2151,,,,,,,,
2152,,,,,,,,
2153,R_111,"83,0",R,70.0,nan,Fijo,No,Silla y superficie abatible fijas
2154,,,,,,,,
2155,,,,,,,,
2156,,,,,,,,
2157,,,,,,,,
2158,,,,,,,,
2159,,,,,,,,
2160,,,,,,,,
2161,,,,,,,,
2162,,,,,,,,
2163,,,,,,,,
2164,,,,,,,,
2165,,,,,,,,
2166,,,,,,,,
2167,,,,,,,,
2168,,,,,,,,
2169,,,,,,,,
2170,,,,,,,,
2171,,,,,,,,
2172,,,,,,,,
2173,,,,,,,,
2174,,,,,,,,
2175,,,,,,,,
2176,,,,,,,,
2177,,,,,,,,
2178,,,,,,,,
2179,,,,,,,,
2180,,,,,,,,
2181,,,,,,,,
2182,,,,,,,,
2183,,,,,,,,
2184,,,,,,,,
2185,,,,,,,,
2186,,,,,,,,
2187,,,,,,,,
2188,,,,,,,,
2189,,,,,,,,
2190,,,,,,,,
2191,,,,,,,,
2192,,,,,,,,
2193,,,,,,,,
2194,,,,,,,,
2195,,,,,,,,
2196,,,,,,,,
2197,G_101,"120,6",G,84.0,5501.0,Fijo,No,Silla móvil y mesa fija
2198,,,,,,,,
2199,,,,,,,,
2200,,,,,,,,
2201,,,,,,,,
2202,,,,,,,,
2203,,,,,,,,
2204,,,,,,,,
2205,,,,,,,,
2206,,,,,,,,
2207,,,,,,,,
2208,,,,,,,,
2209,,,,,,,,
2210,,,,,,,,
2211,,,,,,,,
2212,,,,,,,,
2213,,,,,,,,
2214,,,,,,,,
2215,,,,,,,,
2216,,,,,,,,
2217,,,,,,,,
2218,,,,,,,,
2219,,,,,,,,
2220,,,,,,,,
2221,,,,,,,,
2222,,,,,,,,
2223,,,,,,,,
2224,,,,,,,,
2225,,,,,,,,
2226,,,,,,,,
2227,,,,,,,,
2228,,,,,,,,
2229,,,,,,,,
2230,ML_615,"109,6",ML,80.0,1623.0,Fijo,SI,Silla móvil y mesa fija
2231,,,,,,,,
2232,,,,,,,,
2233,,,,,,,,
2234,,,,,,,,
2235,,,,,,,,
2236,,,,,,,,
2237,,,,,,,,
2238,,,,,,,,
2239,,,,,,,,
2240,,,,,,,,
2241,,,,,,,,
2242,,,,,,,,
2243,,,,,,,,
2244,,,,,,,,
2245,,,,,,,,
2246,,,,,,,,
2247,,,,,,,,
2248,,,,,,,,
2249,,,,,,,,
2250,,,,,,,,
2251,,,,,,,,
2252,,,,,,,,
2253,,,,,,,,
2254,,,,,,,,
2255,,,,,,,,
2256,,,,,,,,
2257,,,,,,,,
2258,,,,,,,,
2259,,,,,,,,
2260,,,,,,,,
2261,,,,,,,,
2262,,,,,,,,
2263,,,,,,,,
2264,ML_607,"125,7",ML,81.0,1624.0,Fijo,Si,Silla móvil y mesa fija
2265,,,,,,,,
2266,,,,,,,,
2267,,,,,,,,
2268,,,,,,,,
2269,,,,,,,,
2270,,,,,,,,
2271,,,,,,,,
2272,,,,,,,,
2273,,,,,,,,
2274,,,,,,,,
2275,,,,,,,,
2276,,,,,,,,
2277,,,,,,,,
2278,,,,,,,,
2279,ML_510,"98,1",ML,69.0,1617.0,Fijo,Si,Silla móvil y mesa fija
2280,SD_807,"140,4",Sd,82.0,1114.0,Fijo,Si,Silla móvil y mesa fija
2281,,,,,,,,
2282,,,,,,,,
2283,,,,,,,,
2284,,,,,,,,
2285,,,,,,,,
2286,,,,,,,,
2287,,,,,,,,
2288,C_308,"89,8",C,60.0,nan,Movil,si,"Silla móvil, mesa móvil"
2289,,,,,,,,
2290,SD_801,"140,0",Sd,82.0,1110.0,Fijo,Si,Silla móvil y mesa fija
2291,,,,,,,,
2292,,,,,,,,
2293,,,,,,,,
2294,,,,,,,,
2295,SD_802,"140,0",Sd,82.0,1115.0,Fijo,Si,Silla móvil y mesa fija
2296,,,,,,,,
2297,,,,,,,,
2298,,,,,,,,
2299,,,,,,,,
2300,,,,,,,,
2301,,,,,,,,
2302,,,,,,,,
2303,,,,,,,,
2304,,,,,,,,
2305,,,,,,,,
2306,,,,,,,,
2307,,,,,,,,
2308,,,,,,,,
2309,,,,,,,,
2310,,,,,,,,
2311,,,,,,,,
2312,SD_702,"140,0",Sd,65.0,1117.0,Fijo,Si,Silla móvil y mesa fija
2313,SD_702,"140,0",Sd,65.0,1117.0,Fijo,Si,Silla móvil y mesa fija
2314,,,,,,,,
2315,,,,,,,,
2316,W_403,"81,2",W,42.0,5015.0,Fijo,Si,Silla móvil y mesa fija
2317,,,,,,,,
2318,W_506,"82,8",W,40.0,5022.0,Fijo,Si,Silla móvil y mesa fija
2319,,,,,,,,
2320,,,,,,,,
2321,,,,,,,,
2322,,,,,,,,
2323,,,,,,,,
2324,SD_203,"58,8",Sd,26.0,nan,Movil,Si,"Silla móvil, mesa móvil"
2325,,,,,,,,
2326,,,,,,,,
2327,,,,,,,,
2328,,,,,,,,
2329,ML_510,"98,1",ML,69.0,1617.0,Fijo,Si,Silla móvil y mesa fija
2330,,,,,,,,
2331,O_102,"94,0",O,121.0,5251.0,Fijo,No,Silla y superficie abatible fijas
2332,,,,,,,,
2333,,,,,,,,
2334,,,,,,,,
2335,,,,,,,,
2336,,,,,,,,
2337,,,,,,,,
2338,,,,,,,,
2339,,,,,,,,
2340,,,,,,,,
2341,,,,,,,,
2342,,,,,,,,
2343,,,,,,,,
2344,,,,,,,,
2345,,,,,,,,
2346,,,,,,,,
2347,,,,,,,,
2348,,,,,,,,
2349,LL_301,"51,6",LL,52.0,5089.0,Movil,No,Pupitre universitario
2350,,,,,,,,
2351,,,,,,,,
2352,,,,,,,,
2353,,,,,,,,
2354,C_209,"88,1",C,57.0,nan,Fijo,si,Silla móvil y mesa fija
2355,,,,,,,,
2356,B_201,"122,8",B,51.0,1439.0,Fijo,No,Silla móvil y mesa fija
2357,,,,,,,,
2358,,,,,,,,
2359,,,,,,,,
2360,,,,,,,,
2361,,,,,,,,
2362,,,,,,,,
2363,,,,,,,,
2364,,,,,,,,
2365,,,,,,,,
2366,,,,,,,,
2367,,,,,,,,
2368,,,,,,,,
2369,,,,,,,,
2370,,,,,,,,
2371,,,,,,,,
2372,,,,,,,,
2373,,,,,,,,
2374,,,,,,,,
2375,,,,,,,,
2376,,,,,,,,
2377,W_404,"139,7",W,79.0,5016.0,Fijo,Si,Silla móvil y mesa fija
2378,,,,,,,,
2379,,,,,,,,
2380,,,,,,,,
2381,,,,,,,,
2382,,,,,,,,
2383,,,,,,,,
2384,,,,,,,,
2385,R_113,"83,5",R,77.0,nan,Fijo,No,Silla y superficie abatible fijas
2386,,,,,,,,
2387,,,,,,,,
2388,,,,,,,,
2389,,,,,,,,
2390,,,,,,,,
2391,,,,,,,,
2392,,,,,,,,
2393,,,,,,,,
2394,,,,,,,,
2395,C_108,"40,2",C,22.0,nan,Movil,si,"Silla móvil, mesa móvil"
2396,,,,,,,,
2397,ML_516,"121,9",ML,44.0,1618.0,Movil,Si,"Silla móvil, mesa móvil"
2398,O_204,"70,6",O,62.0,5259.0,Fijo,No,Silla móvil y mesa fija
2399,,,,,,,,
2400,,,,,,,,
2401,,,,,,,,
2402,,,,,,,,
2403,Q_405,"114,9",Q,70.0,nan,Fijo,SI,Silla móvil y mesa fija
2404,,,,,,,,
2405,,,,,,,,
2406,,,,,,,,
2407,,,,,,,,
2408,,,,,,,,
2409,,,,,,,,
2410,,,,,,,,
2411,,,,,,,,
2412,,,,,,,,
2413,,,,,,,,
2414,,,,,,,,
2415,AU_308,"45,8",Au,30.0,5626.0,Movil,Si,"Silla móvil, mesa móvil"
2416,,,,,,,,
2417,,,,,,,,
2418,,,,,,,,
2419,,,,,,,,
2420,,,,,,,,
2421,,,,,,,,
2422,,,,,,,,
2423,,,,,,,,
2424,,,,,,,,
2425,,,,,,,,
2426,,,,,,,,
2427,,,,,,,,
2428,,,,,,,,
2429,,,,,,,,
2430,,,,,,,,
2431,,,,,,,,
2432,,,,,,,,
2433,,,,,,,,
2434,,,,,,,,
2435,,,,,,,,
2436,,,,,,,,
2437,,,,,,,,
2438,,,,,,,,
2439,,,,,,,,
2440,,,,,,,,
2441,,,,,,,,
2442,,,,,,,,
2443,,,,,,,,
2444,,,,,,,,
2445,,,,,,,,
2446,SD_804,"144,8",Sd,82.0,1118.0,Fijo,Si,Silla móvil y mesa fija
2447,,,,,,,,
2448,,,,,,,,
2449,,,,,,,,
2450,,,,,,,,
2451,,,,,,,,
2452,,,,,,,,
2453,,,,,,,,
2454,,,,,,,,
2455,,,,,,,,
2456,,,,,,,,
2457,,,,,,,,
2458,,,,,,,,
2459,,,,,,,,
2460,,,,,,,,
2461,SD_805,"233,1",Sd,135.0,1119.0,Fijo,Si,Silla móvil y mesa fija
2462,,,,,,,,
2463,,,,,,,,
2464,,,,,,,,
2465,,,,,,,,
2466,,,,,,,,
2467,,,,,,,,
2468,,,,,,,,
2469,,,,,,,,
2470,,,,,,,,
2471,,,,,,,,
2472,,,,,,,,
2473,,,,,,,,
2474,,,,,,,,
2475,,,,,,,,
2476,,,,,,,,
2477,,,,,,,,
2478,,,,,,,,
2479,,,,,,,,
2480,,,,,,,,
2481,,,,,,,,
2482,,,,,,,,
2483,,,,,,,,
2484,,,,,,,,
2485,,,,,,,,
2486,,,,,,,,
2487,,,,,,,,
2488,,,,,,,,
2489,,,,,,,,
2490,,,,,,,,
2491,,,,,,,,
2492,,,,,,,,
2493,,,,,,,,
2494,,,,,,,,
2495,ML_617,"146,7",ML,94.0,1625.0,Fijo,SI,Silla móvil y mesa fija
2496,,,,,,,,
2497,,,,,,,,
2498,,,,,,,,
2499,,,,,,,,
2500,,,,,,,,
2501,,,,,,,,
2502,,,,,,,,
2503,,,,,,,,
2504,,,,,,,,
2505,,,,,,,,
2506,,,,,,,,
2507,,,,,,,,
2508,,,,,,,,
2509,,,,,,,,
2510,,,,,,,,
2511,,,,,,,,
2512,,,,,,,,
2513,,,,,,,,
2514,,,,,,,,
2515,,,,,,,,
2516,SD_716,"140,4",Sd,65.0,1105.0,Fijo,Si,Silla móvil y mesa fija
2517,,,,,,,,
2518,,,,,,,,
2519,,,,,,,,
2520,,,,,,,,
2521,,,,,,,,
2522,,,,,,,,
2523,W_205,"55,2",W,24.0,5008.0,Fijo,Si,Silla móvil y mesa fija
2524,,,,,,,,
2525,,,,,,,,
2526,,,,,,,,
2527,,,,,,,,
2528,,,,,,,,
2529,,,,,,,,
2530,,,,,,,,
2531,,,,,,,,
2532,,,,,,,,
2533,,,,,,,,
2534,,,,,,,,
2535,,,,,,,,
2536,,,,,,,,
2537,,,,,,,,
2538,,,,,,,,
2539,,,,,,,,
2540,,,,,,,,
2541,,,,,,,,
2542,,,,,,,,
2543,,,,,,,,
2544,,,,,,,,
2545,,,,,,,,
2546,,,,,,,,
2547,,,,,,,,
2548,,,,,,,,
2549,,,,,,,,
2550,,,,,,,,
2551,,,,,,,,
2552,,,,,,,,
2553,,,,,,,,
2554,,,,,,,,
2555,,,,,,,,
2556,,,,,,,,
2557,,,,,,,,
2558,,,,,,,,
2559,,,,,,,,
2560,,,,,,,,
2561,,,,,,,,
2562,,,,,,,,
2563,,,,,,,,
2564,,,,,,,,
2565,,,,,,,,
2566,,,,,,,,
2567,,,,,,,,
2568,,,,,,,,
2569,,,,,,,,
2570,,,,,,,,
2571,,,,,,,,
2572,,,,,,,,
2573,,,,,,,,
2574,,,,,,,,
2575,,,,,,,,
2576,,,,,,,,
2577,,,,,,,,
2578,,,,,,,,
2579,,,,,,,,
2580,,,,,,,,
2581,W_205,"55,2",W,24.0,5008.0,Fijo,Si,Silla móvil y mesa fija
2582,,,,,,,,
2583,,,,,,,,
2584,,,,,,,,
2585,,,,,,,,
2586,,,,,,,,
2587,,,,,,,,
2588,,,,,,,,
2589,,,,,,,,
2590,,,,,,,,
2591,,,,,,,,
2592,,,,,,,,
2593,,,,,,,,
2594,,,,,,,,
2595,,,,,,,,
2596,,,,,,,,
2597,,,,,,,,
2598,,,,,,,,
2599,AU_403,"46,6",Au,36.0,5633.0,Movil,Si,Mesa trapezoidal con silla móviles
2600,,,,,,,,
2601,,,,,,,,
2602,,,,,,,,
2603,,,,,,,,
2604,,,,,,,,
2605,W_203,"54,8",W,24.0,5006.0,Fijo,Si,Silla móvil y mesa fija
2606,,,,,,,,
2607,,,,,,,,
2608,,,,,,,,
2609,,,,,,,,
2610,,,,,,,,
2611,,,,,,,,
2612,,,,,,,,
2613,,,,,,,,
2614,,,,,,,,
2615,,,,,,,,
2616,,,,,,,,
2617,,,,,,,,
2618,,,,,,,,
2619,,,,,,,,
2620,,,,,,,,
2621,,,,,,,,
2622,,,,,,,,
2623,,,,,,,,
2624,,,,,,,,
2625,,,,,,,,
2626,,,,,,,,
2627,,,,,,,,
2628,,,,,,,,
2629,,,,,,,,
2630,,,,,,,,
2631,,,,,,,,
2632,,,,,,,,
2633,,,,,,,,
2634,,,,,,,,
2635,,,,,,,,
2636,,,,,,,,
2637,,,,,,,,
2638,,,,,,,,
2639,,,,,,,,
2640,,,,,,,,
2641,,,,,,,,
2642,,,,,,,,
2643,,,,,,,,
2644,,,,,,,,
2645,,,,,,,,
2646,LL_302,"51,6",LL,52.0,5090.0,Movil,No,Pupitre universitario
2647,,,,,,,,
2648,,,,,,,,
2649,,,,,,,,
2650,,,,,,,,
2651,,,,,,,,
2652,,,,,,,,
2653,,,,,,,,
2654,,,,,,,,
2655,,,,,,,,
2656,,,,,,,,
2657,,,,,,,,
2658,,,,,,,,
2659,,,,,,,,
2660,,,,,,,,
2661,,,,,,,,
2662,SD_207,"58,2",Sd,24.0,nan,Movil,Si,"Silla móvil, mesa móvil"
2663,PU_200,"32,8",Pu,32.0,nan,Movil,No,Pupitre universitario
2664,W_402,"81,8",W,40.0,5014.0,Fijo,Si,Silla móvil y mesa fija
2665,,,,,,,,
2666,,,,,,,,
2667,,,,,,,,
2668,,,,,,,,
2669,SD_303,"58,8",Sd,26.0,nan,Fijo,Si,Silla móvil y mesa fija
2670,,,,,,,,
2671,,,,,,,,
2672,,,,,,,,
2673,,,,,,,,
2674,,,,,,,,
2675,,,,,,,,
2676,,,,,,,,
2677,,,,,,,,
2678,,,,,,,,
2679,,,,,,,,
2680,LL_206,"51,2",LL,32.0,5088.0,Fijo,Si,Silla móvil y mesa fija
2681,,,,,,,,
2682,C_212,"42,8",C,22.0,nan,Movil,si,"Silla móvil, mesa móvil"
2683,LL_201,"51,7",LL,32.0,5084.0,Fijo,Si,Silla móvil y mesa fija
2684,,,,,,,,
2685,,,,,,,,
2686,,,,,,,,
2687,LL_102,"51,7",LL,47.0,5077.0,Movil,SI,Pupitre universitario
2688,LL_106,"38,0",LL,36.0,5081.0,Movil,SI,Pupitre universitario
2689,LL_202,"51,7",LL,32.0,5085.0,Fijo,Si,Silla móvil y mesa fija
2690,SD_307,"58,2",Sd,26.0,nan,Fijo,Si,Silla móvil y mesa fija
2691,LL_101,"51,7",LL,47.0,5076.0,Movil,SI,Pupitre universitario
2692,LL_203,"52,4",LL,32.0,5086.0,Fijo,Si,Silla móvil y mesa fija
2693,SD_306,"58,8",Sd,26.0,nan,Fijo,Si,Silla móvil y mesa fija
2694,LL_108,"38,0",LL,36.0,5083.0,Movil,SI,Pupitre universitario
2695,LL_203,"52,4",LL,32.0,5086.0,Fijo,Si,Silla móvil y mesa fija
2696,LL_107,"38,0",LL,36.0,5082.0,Movil,SI,Pupitre universitario
2697,LL_107,"38,0",LL,36.0,5082.0,Movil,SI,Pupitre universitario
2698,LL_108,"38,0",LL,36.0,5083.0,Movil,SI,Pupitre universitario
2699,LL_107,"38,0",LL,36.0,5082.0,Movil,SI,Pupitre universitario
2700,LL_107,"38,0",LL,36.0,5082.0,Movil,SI,Pupitre universitario
2701,LL_108,"38,0",LL,36.0,5083.0,Movil,SI,Pupitre universitario
2702,LL_106,"38,0",LL,36.0,5081.0,Movil,SI,Pupitre universitario
2703,LL_107,"38,0",LL,36.0,5082.0,Movil,SI,Pupitre universitario
2704,LL_106,"38,0",LL,36.0,5081.0,Movil,SI,Pupitre universitario
2705,LL_106,"38,0",LL,36.0,5081.0,Movil,SI,Pupitre universitario
2706,LL_106,"38,0",LL,36.0,5081.0,Movil,SI,Pupitre universitario
2707,LL_105,"37,8",LL,38.0,5080.0,Movil,SI,Pupitre universitario
2708,LL_106,"38,0",LL,36.0,5081.0,Movil,SI,Pupitre universitario
2709,LL_105,"37,8",LL,38.0,5080.0,Movil,SI,Pupitre universitario
2710,LL_106,"38,0",LL,36.0,5081.0,Movil,SI,Pupitre universitario
2711,LL_106,"38,0",LL,36.0,5081.0,Movil,SI,Pupitre universitario
2712,LL_107,"38,0",LL,36.0,5082.0,Movil,SI,Pupitre universitario
2713,LL_106,"38,0",LL,36.0,5081.0,Movil,SI,Pupitre universitario
2714,LL_107,"38,0",LL,36.0,5082.0,Movil,SI,Pupitre universitario
2715,LL_104,"38,0",LL,38.0,5079.0,Movil,SI,Pupitre universitario
2716,LL_105,"37,8",LL,38.0,5080.0,Movil,SI,Pupitre universitario
2717,LL_105,"37,8",LL,38.0,5080.0,Movil,SI,Pupitre universitario
2718,LL_106,"38,0",LL,36.0,5081.0,Movil,SI,Pupitre universitario
2719,LL_105,"37,8",LL,38.0,5080.0,Movil,SI,Pupitre universitario
2720,LL_106,"38,0",LL,36.0,5081.0,Movil,SI,Pupitre universitario
2721,LL_105,"37,8",LL,38.0,5080.0,Movil,SI,Pupitre universitario
2722,LL_104,"38,0",LL,38.0,5079.0,Movil,SI,Pupitre universitario
2723,SD_206,"58,8",Sd,26.0,nan,Movil,Si,"Silla móvil, mesa móvil"
2724,SD_205,"58,8",Sd,26.0,nan,Movil,Si,"Silla móvil, mesa móvil"
2725,LL_105,"37,8",LL,38.0,5080.0,Movil,SI,Pupitre universitario
2726,LL_105,"37,8",LL,38.0,5080.0,Movil,SI,Pupitre universitario
2727,LL_105,"37,8",LL,38.0,5080.0,Movil,SI,Pupitre universitario
2728,LL_104,"38,0",LL,38.0,5079.0,Movil,SI,Pupitre universitario
2729,SD_203,"58,8",Sd,26.0,nan,Movil,Si,"Silla móvil, mesa móvil"
2730,AU_403,"46,6",Au,36.0,5633.0,Movil,Si,Mesa trapezoidal con silla móviles
2731,AU_107,"46,3",Au,36.0,5605.0,Movil,Si,"Silla móvil, mesa móvil"
2732,LL_104,"38,0",LL,38.0,5079.0,Movil,SI,Pupitre universitario
2733,LL_105,"37,8",LL,38.0,5080.0,Movil,SI,Pupitre universitario
2734,LL_104,"38,0",LL,38.0,5079.0,Movil,SI,Pupitre universitario
2735,LL_103,"64,5",LL,27.0,5078.0,Movil,SI,Pupitre universitario
2736,LL_104,"38,0",LL,38.0,5079.0,Movil,SI,Pupitre universitario
2737,LL_104,"38,0",LL,38.0,5079.0,Movil,SI,Pupitre universitario
2738,LL_103,"64,5",LL,27.0,5078.0,Movil,SI,Pupitre universitario
2739,SD_306,"58,8",Sd,26.0,nan,Fijo,Si,Silla móvil y mesa fija
2740,LL_104,"38,0",LL,38.0,5079.0,Movil,SI,Pupitre universitario
2741,SD_306,"58,8",Sd,26.0,nan,Fijo,Si,Silla móvil y mesa fija
2742,LL_104,"38,0",LL,38.0,5079.0,Movil,SI,Pupitre universitario
2743,SD_305,"58,8",Sd,26.0,nan,Fijo,Si,Silla móvil y mesa fija
2744,LL_104,"38,0",LL,38.0,5079.0,Movil,SI,Pupitre universitario
2745,LL_103,"64,5",LL,27.0,5078.0,Movil,SI,Pupitre universitario
2746,LL_104,"38,0",LL,38.0,5079.0,Movil,SI,Pupitre universitario
2747,LL_103,"64,5",LL,27.0,5078.0,Movil,SI,Pupitre universitario
2748,LL_104,"38,0",LL,38.0,5079.0,Movil,SI,Pupitre universitario
2749,LL_103,"64,5",LL,27.0,5078.0,Movil,SI,Pupitre universitario
2750,LL_104,"38,0",LL,38.0,5079.0,Movil,SI,Pupitre universitario
2751,LL_102,"51,7",LL,47.0,5077.0,Movil,SI,Pupitre universitario
2752,LL_103,"64,5",LL,27.0,5078.0,Movil,SI,Pupitre universitario
2753,LL_104,"38,0",LL,38.0,5079.0,Movil,SI,Pupitre universitario
2754,,,,,,,,
2755,,,,,,,,
2756,,,,,,,,
2757,,,,,,,,
2758,,,,,,,,
2759,,,,,,,,
2760,,,,,,,,
2761,,,,,,,,
2762,,,,,,,,
2763,,,,,,,,
2764,,,,,,,,
2765,,,,,,,,
2766,,,,,,,,
2767,SD_302,"58,8",Sd,26.0,nan,Fijo,Si,Silla móvil y mesa fija
2768,,,,,,,,
2769,,,,,,,,
2770,,,,,,,,
2771,,,,,,,,
2772,,,,,,,,
2773,,,,,,,,
2774,,,,,,,,
2775,,,,,,,,
2776,,,,,,,,
2777,,,,,,,,
2778,,,,,,,,
2779,,,,,,,,
2780,,,,,,,,
2781,,,,,,,,
2782,,,,,,,,
2783,,,,,,,,
2784,,,,,,,,
2785,,,,,,,,
2786,,,,,,,,
2787,,,,,,,,
2788,,,,,,,,
2789,,,,,,,,
2790,,,,,,,,
2791,,,,,,,,
2792,,,,,,,,
2793,,,,,,,,
2794,,,,,,,,
2795,,,,,,,,
2796,,,,,,,,
2797,,,,,,,,
2798,,,,,,,,
2799,,,,,,,,
2800,,,,,,,,
2801,,,,,,,,
2802,,,,,,,,
2803,,,,,,,,
2804,,,,,,,,
2805,,,,,,,,
2806,,,,,,,,
2807,,,,,,,,
2808,,,,,,,,
2809,SD_303,"58,8",Sd,26.0,nan,Fijo,Si,Silla móvil y mesa fija
2810,TX_602,"54,3",TX,30.0,nan,Movil,No,"Silla móvil, mesa móvil"
2811,LL_202,"51,7",LL,32.0,5085.0,Fijo,Si,Silla móvil y mesa fija
2812,LL_108,"38,0",LL,36.0,5083.0,Movil,SI,Pupitre universitario
2813,,,,,,,,
2814,,,,,,,,
2815,O_204,"70,6",O,62.0,5259.0,Fijo,No,Silla móvil y mesa fija
2816,LL_205,"51,2",LL,32.0,5087.0,Fijo,Si,Silla móvil y mesa fija
2817,PU_200,"32,8",Pu,32.0,nan,Movil,No,Pupitre universitario
2818,AU_310,"31,0",Au,27.0,5628.0,Movil,No,Pupitre universitario
2819,LL_201,"51,7",LL,32.0,5084.0,Fijo,Si,Silla móvil y mesa fija
2820,AU_301,"29,4",Au,29.0,5619.0,Movil,No,Pupitre universitario
2821,ML_515,"114,9",ML,44.0,1628.0,Movil,Si,"Silla móvil, mesa móvil"
2822,LL_107,"38,0",LL,36.0,5082.0,Movil,SI,Pupitre universitario
2823,LL_205,"51,2",LL,32.0,5087.0,Fijo,Si,Silla móvil y mesa fija
2824,LL_203,"52,4",LL,32.0,5086.0,Fijo,Si,Silla móvil y mesa fija
2825,LL_206,"51,2",LL,32.0,5088.0,Fijo,Si,Silla móvil y mesa fija
2826,AU_304,"37,1",Au,28.0,5622.0,Movil,No,Pupitre universitario
2827,,,,,,,,
2828,LL_206,"51,2",LL,32.0,5088.0,Fijo,Si,Silla móvil y mesa fija
2829,,,,,,,,
2830,LL_206,"51,2",LL,32.0,5088.0,Fijo,Si,Silla móvil y mesa fija
2831,LL_206,"51,2",LL,32.0,5088.0,Fijo,Si,Silla móvil y mesa fija
2832,LL_205,"51,2",LL,32.0,5087.0,Fijo,Si,Silla móvil y mesa fija
2833,LL_205,"51,2",LL,32.0,5087.0,Fijo,Si,Silla móvil y mesa fija
2834,LL_205,"51,2",LL,32.0,5087.0,Fijo,Si,Silla móvil y mesa fija
2835,LL_206,"51,2",LL,32.0,5088.0,Fijo,Si,Silla móvil y mesa fija
2836,LL_205,"51,2",LL,32.0,5087.0,Fijo,Si,Silla móvil y mesa fija
2837,LL_201,"51,7",LL,32.0,5084.0,Fijo,Si,Silla móvil y mesa fija
2838,,,,,,,,
2839,AU_308,"45,8",Au,30.0,5626.0,Movil,Si,"Silla móvil, mesa móvil"
2840,LL_102,"51,7",LL,47.0,5077.0,Movil,SI,Pupitre universitario
2841,,,,,,,,
2842,,,,,,,,
2843,O_202,"70,6",O,62.0,5257.0,Fijo,No,Silla móvil y mesa fija
2844,G_102,"48,6",G,20.0,5502.0,Fijo,No,Silla móvil y mesa fija
2845,W_505,"82,6",W,42.0,5021.0,Fijo,Si,Silla móvil y mesa fija
2846,,,,,,,,
2847,LL_103,"64,5",LL,27.0,5078.0,Movil,SI,Pupitre universitario
2848,,,,,,,,
2849,LL_301,"51,6",LL,52.0,5089.0,Movil,No,Pupitre universitario
2850,,,,,,,,
2851,W_203,"54,8",W,24.0,5006.0,Fijo,Si,Silla móvil y mesa fija
2852,AU_301,"29,4",Au,29.0,5619.0,Movil,No,Pupitre universitario
2853,,,,,,,,
2854,AU_306,"45,8",Au,32.0,5624.0,Movil,Si,"Silla móvil, mesa móvil"
2855,,,,,,,,
2856,,,,,,,,
2857,SD_307,"58,2",Sd,26.0,nan,Fijo,Si,Silla móvil y mesa fija
2858,AU_210,"21,4",Au,18.0,5617.0,Movil,No,Pupitre universitario
2859,TX_603,"48,4",TX,30.0,nan,Movil,No,"Silla móvil, mesa móvil"
2860,AU_309,"42,5",Au,28.0,5627.0,Movil,Si,"Silla móvil, mesa móvil"
2861,LL_103,"64,5",LL,27.0,5078.0,Movil,SI,Pupitre universitario
2862,,,,,,,,
2863,,,,,,,,
2864,,,,,,,,
2865,,,,,,,,
2866,,,,,,,,
2867,,,,,,,,
2868,,,,,,,,
2869,,,,,,,,
2870,,,,,,,,
2871,ML_615,"109,6",ML,80.0,1623.0,Fijo,SI,Silla móvil y mesa fija
2872,,,,,,,,
2873,,,,,,,,
2874,,,,,,,,
2875,,,,,,,,
2876,,,,,,,,
2877,,,,,,,,
2878,,,,,,,,
2879,,,,,,,,
2880,,,,,,,,
2881,,,,,,,,
2882,,,,,,,,
2883,,,,,,,,
2884,,,,,,,,
2885,,,,,,,,
2886,,,,,,,,
2887,,,,,,,,
2888,,,,,,,,
2889,,,,,,,,
2890,,,,,,,,
2891,,,,,,,,
2892,,,,,,,,
2893,,,,,,,,
2894,,,,,,,,
2895,AU_309,"42,5",Au,28.0,5627.0,Movil,Si,"Silla móvil, mesa móvil"
2896,,,,,,,,
2897,,,,,,,,
2898,,,,,,,,
2899,,,,,,,,
2900,,,,,,,,
2901,,,,,,,,
2902,SD_203,"58,8",Sd,26.0,nan,Movil,Si,"Silla móvil, mesa móvil"
2903,,,,,,,,
2904,,,,,,,,
2905,,,,,,,,
2906,,,,,,,,
2907,,,,,,,,
2908,,,,,,,,
2909,G_102,"48,6",G,20.0,5502.0,Fijo,No,Silla móvil y mesa fija
2910,LL_302,"51,6",LL,52.0,5090.0,Movil,No,Pupitre universitario
2911,,,,,,,,
2912,,,,,,,,
2913,AU_309,"42,5",Au,28.0,5627.0,Movil,Si,"Silla móvil, mesa móvil"
2914,,,,,,,,
2915,,,,,,,,
2916,,,,,,,,
2917,,,,,,,,
2918,,,,,,,,
2919,,,,,,,,
2920,,,,,,,,
2921,,,,,,,,
2922,ML_511,"85,4",ML,61.0,1615.0,Fijo,Si,Silla móvil y mesa fija
2923,W_502,"55,0",W,24.0,5018.0,Fijo,Si,Silla móvil y mesa fija
2924,,,,,,,,
2925,,,,,,,,
2926,,,,,,,,
2927,SD_806,"140,4",Sd,82.0,1164.0,Fijo,Si,Silla móvil y mesa fija
2928,,,,,,,,
2929,,,,,,,,
2930,,,,,,,,
2931,,,,,,,,
2932,,,,,,,,
2933,ML_512,"92,2",ML,61.0,1621.0,Fijo,Si,Silla móvil y mesa fija
2934,,,,,,,,
2935,Z_104,"32,9",Z,32.0,nan,Movil,No,Pupitre universitario
2936,,,,,,,,
2937,,,,,,,,
2938,,,,,,,,
2939,,,,,,,,
2940,,,,,,,,
2941,,,,,,,,
2942,,,,,,,,
2943,,,,,,,,
2944,,,,,,,,
2945,,,,,,,,
2946,,,,,,,,
2947,PU_100,"32,9",Pu,28.0,nan,Movil,No,Pupitre universitario
2948,AU_108,"21,9",Au,17.0,5606.0,Movil,No,Pupitre universitario
2949,AU_305,"29,4",Au,29.0,5623.0,Movil,No,Pupitre universitario
2950,,,,,,,,
2951,ML_512,"92,2",ML,61.0,1621.0,Fijo,Si,Silla móvil y mesa fija
2952,LL_301,"51,6",LL,52.0,5089.0,Movil,No,Pupitre universitario
2953,O_403,"57,8",O,50.0,5269.0,Fijo,No,Silla móvil y mesa fija
2954,SD_207,"58,2",Sd,24.0,nan,Movil,Si,"Silla móvil, mesa móvil"
2955,LL_203,"52,4",LL,32.0,5086.0,Fijo,Si,Silla móvil y mesa fija
2956,LL_205,"51,2",LL,32.0,5087.0,Fijo,Si,Silla móvil y mesa fija
2957,,,,,,,,
2958,,,,,,,,
2959,,,,,,,,
2960,LL_206,"51,2",LL,32.0,5088.0,Fijo,Si,Silla móvil y mesa fija
2961,SD_305,"58,8",Sd,26.0,nan,Fijo,Si,Silla móvil y mesa fija
2962,LL_206,"51,2",LL,32.0,5088.0,Fijo,Si,Silla móvil y mesa fija
2963,AU_306,"45,8",Au,32.0,5624.0,Movil,Si,"Silla móvil, mesa móvil"
2964,LL_206,"51,2",LL,32.0,5088.0,Fijo,Si,Silla móvil y mesa fija
2965,,,,,,,,
2966,,,,,,,,
2967,,,,,,,,
2968,G_102,"48,6",G,20.0,5502.0,Fijo,No,Silla móvil y mesa fija
2969,,,,,,,,
2970,ML_514,"98,1",ML,69.0,1620.0,Fijo,Si,Silla móvil y mesa fija
2971,AU_401,"46,0",Au,40.0,5631.0,Movil,Si,"Silla móvil, mesa móvil"
2972,,,,,,,,
2973,,,,,,,,
2974,W_503,"54,8",W,24.0,5019.0,Fijo,Si,Silla móvil y mesa fija
2975,AU_210,"21,4",Au,18.0,5617.0,Movil,No,Pupitre universitario
2976,,,,,,,,
2977,,,,,,,,
2978,LL_101,"51,7",LL,47.0,5076.0,Movil,SI,Pupitre universitario
2979,,,,,,,,
2980,,,,,,,,
2981,,,,,,,,
2982,,,,,,,,
2983,,,,,,,,
2984,,,,,,,,
2985,,,,,,,,
2986,W_204,"82,4",W,42.0,5007.0,Fijo,Si,Silla móvil y mesa fija
2987,R_109,"37,5",R,37.0,nan,Movil,No,Pupitre universitario
2988,,,,,,,,
2989,,,,,,,,
2990,,,,,,,,
2991,,,,,,,,
2992,,,,,,,,
2993,,,,,,,,
2994,,,,,,,,
2995,,,,,,,,
2996,,,,,,,,
2997,,,,,,,,
2998,,,,,,,,
2999,,,,,,,,
3000,,,,,,,,
3001,SD_301,"58,8",Sd,26.0,nan,Fijo,Si,Silla móvil y mesa fija
3002,SD_302,"58,8",Sd,26.0,nan,Fijo,Si,Silla móvil y mesa fija
3003,SD_303,"58,8",Sd,26.0,nan,Fijo,Si,Silla móvil y mesa fija
3004,SD_304,"58,8",Sd,26.0,nan,Fijo,Si,Silla móvil y mesa fija
3005,SD_302,"58,8",Sd,26.0,nan,Fijo,Si,Silla móvil y mesa fija
3006,SD_302,"58,8",Sd,26.0,nan,Fijo,Si,Silla móvil y mesa fija
3007,,,,,,,,
3008,SD_305,"58,8",Sd,26.0,nan,Fijo,Si,Silla móvil y mesa fija
3009,SD_305,"58,8",Sd,26.0,nan,Fijo,Si,Silla móvil y mesa fija
3010,SD_307,"58,2",Sd,26.0,nan,Fijo,Si,Silla móvil y mesa fija
3011,SD_306,"58,8",Sd,26.0,nan,Fijo,Si,Silla móvil y mesa fija
3012,LL_205,"51,2",LL,32.0,5087.0,Fijo,Si,Silla móvil y mesa fija
3013,LL_202,"51,7",LL,32.0,5085.0,Fijo,Si,Silla móvil y mesa fija
3014,LL_203,"52,4",LL,32.0,5086.0,Fijo,Si,Silla móvil y mesa fija
3015,SD_303,"58,8",Sd,26.0,nan,Fijo,Si,Silla móvil y mesa fija
3016,SD_304,"58,8",Sd,26.0,nan,Fijo,Si,Silla móvil y mesa fija
3017,LL_206,"51,2",LL,32.0,5088.0,Fijo,Si,Silla móvil y mesa fija
3018,LL_205,"51,2",LL,32.0,5087.0,Fijo,Si,Silla móvil y mesa fija
3019,SD_307,"58,2",Sd,26.0,nan,Fijo,Si,Silla móvil y mesa fija
3020,AU_210,"21,4",Au,18.0,5617.0,Movil,No,Pupitre universitario
3021,C_205,"42,6",C,22.0,nan,Movil,si,"Silla móvil, mesa móvil"
3022,C_210,"42,6",C,22.0,nan,Movil,si,"Silla móvil, mesa móvil"
3023,C_206,"43,2",C,22.0,nan,Movil,si,"Silla móvil, mesa móvil"
3024,,,,,,,,
3025,,,,,,,,
3026,,,,,,,,
3027,,,,,,,,
3028,,,,,,,,
3029,,,,,,,,
3030,,,,,,,,
3031,,,,,,,,
3032,,,,,,,,
3033,,,,,,,,
3034,,,,,,,,
3035,,,,,,,,
3036,,,,,,,,
3037,,,,,,,,
3038,,,,,,,,
3039,W_201,"55,8",W,24.0,5004.0,Fijo,Si,Silla móvil y mesa fija
3040,,,,,,,,
3041,,,,,,,,
3042,,,,,,,,
3043,,,,,,,,
3044,,,,,,,,
3045,,,,,,,,
3046,,,,,,,,
3047,,,,,,,,
3048,,,,,,,,
3049,,,,,,,,
3050,,,,,,,,
3051,,,,,,,,
3052,AU_306,"45,8",Au,32.0,5624.0,Movil,Si,"Silla móvil, mesa móvil"
3053,,,,,,,,
3054,,,,,,,,
3055,AU_305,"29,4",Au,29.0,5623.0,Movil,No,Pupitre universitario
3056,,,,,,,,
3057,,,,,,,,
3058,,,,,,,,
3059,,,,,,,,
3060,,,,,,,,
3061,,,,,,,,
3062,,,,,,,,
3063,B_202,"154,6",B,110.0,1440.0,Fijo,No,Silla móvil y mesa fija
3064,,,,,,,,
3065,LL_107,"38,0",LL,36.0,5082.0,Movil,SI,Pupitre universitario
3066,,,,,,,,
3067,,,,,,,,
3068,W_203,"54,8",W,24.0,5006.0,Fijo,Si,Silla móvil y mesa fija
3069,LL_303,"51,5",LL,50.0,5091.0,Movil,No,Pupitre universitario
3070,,,,,,,,
3071,R_111,"83,0",R,70.0,nan,Fijo,No,Silla y superficie abatible fijas
3072,W_204,"82,4",W,42.0,5007.0,Fijo,Si,Silla móvil y mesa fija
3073,,,,,,,,
3074,,,,,,,,
3075,,,,,,,,
3076,,,,,,,,
3077,,,,,,,,
3078,,,,,,,,
3079,,,,,,,,
3080,ML_516,"121,9",ML,44.0,1618.0,Movil,Si,"Silla móvil, mesa móvil"
3081,,,,,,,,
3082,,,,,,,,
3083,,,,,,,,
3084,,,,,,,,
3085,,,,,,,,
3086,,,,,,,,
3087,,,,,,,,
3088,SD_716,"140,4",Sd,65.0,1105.0,Fijo,Si,Silla móvil y mesa fija
3089,SD_201,"58,8",Sd,26.0,nan,Movil,Si,"Silla móvil, mesa móvil"
3090,SD_202,"58,8",Sd,26.0,nan,Movil,Si,"Silla móvil, mesa móvil"
3091,SD_702,"140,0",Sd,65.0,1117.0,Fijo,Si,Silla móvil y mesa fija
3092,SD_715,"140,4",Sd,65.0,1109.0,Fijo,Si,Silla móvil y mesa fija
3093,SD_201,"58,8",Sd,26.0,nan,Movil,Si,"Silla móvil, mesa móvil"
3094,SD_702,"140,0",Sd,65.0,1117.0,Fijo,Si,Silla móvil y mesa fija
3095,SD_715,"140,4",Sd,65.0,1109.0,Fijo,Si,Silla móvil y mesa fija
3096,,,,,,,,
3097,SD_702,"140,0",Sd,65.0,1117.0,Fijo,Si,Silla móvil y mesa fija
3098,SD_703,"140,9",Sd,65.0,1116.0,Fijo,Si,Silla móvil y mesa fija
3099,,,,,,,,
3100,SD_702,"140,0",Sd,65.0,1117.0,Fijo,Si,Silla móvil y mesa fija
3101,SD_703,"140,9",Sd,65.0,1116.0,Fijo,Si,Silla móvil y mesa fija
3102,SD_204,"58,8",Sd,26.0,nan,Movil,Si,"Silla móvil, mesa móvil"
3103,SD_716,"140,4",Sd,65.0,1105.0,Fijo,Si,Silla móvil y mesa fija
3104,SD_702,"140,0",Sd,65.0,1117.0,Fijo,Si,Silla móvil y mesa fija
3105,,,,,,,,
3106,,,,,,,,
3107,,,,,,,,
3108,SD_801,"140,0",Sd,82.0,1110.0,Fijo,Si,Silla móvil y mesa fija
3109,SD_704,"144,8",Sd,60.0,1106.0,Movil,Si,"Silla móvil, mesa móvil"
3110,ML_510,"98,1",ML,69.0,1617.0,Fijo,Si,Silla móvil y mesa fija
3111,SD_702,"140,0",Sd,65.0,1117.0,Fijo,Si,Silla móvil y mesa fija
3112,SD_716,"140,4",Sd,65.0,1105.0,Fijo,Si,Silla móvil y mesa fija
3113,,,,,,,,
3114,,,,,,,,
3115,,,,,,,,
3116,,,,,,,,
3117,,,,,,,,
3118,,,,,,,,
3119,,,,,,,,
3120,B_402,"186,1",B,99.0,nan,Fijo,No (es salas de computo también),Silla móvil y mesa fija
3121,,,,,,,,
3122,,,,,,,,
3123,,,,,,,,
3124,,,,,,,,
3125,,,,,,,,
3126,ML_607,"125,7",ML,81.0,1624.0,Fijo,Si,Silla móvil y mesa fija
3127,,,,,,,,
3128,,,,,,,,
3129,,,,,,,,
3130,,,,,,,,
3131,,,,,,,,
3132,,,,,,,,
3133,,,,,,,,
3134,,,,,,,,
3135,,,,,,,,
3136,,,,,,,,
3137,,,,,,,,
3138,,,,,,,,
3139,,,,,,,,
3140,,,,,,,,
3141,,,,,,,,
3142,,,,,,,,
3143,,,,,,,,
3144,,,,,,,,
3145,,,,,,,,
3146,B_203,"88,6",B,53.0,1441.0,Fijo,No,Silla móvil y mesa fija
3147,,,,,,,,
3148,,,,,,,,
3149,ML_516,"121,9",ML,44.0,1618.0,Movil,Si,"Silla móvil, mesa móvil"
3150,,,,,,,,
3151,,,,,,,,
3152,,,,,,,,
3153,,,,,,,,
3154,,,,,,,,
3155,,,,,,,,
3156,,,,,,,,
3157,,,,,,,,
3158,,,,,,,,
3159,,,,,,,,
3160,,,,,,,,
3161,,,,,,,,
3162,,,,,,,,
3163,,,,,,,,
3164,,,,,,,,
3165,C_104,"130,8",C,100.0,nan,Fijo,si,Silla móvil y mesa fija
3166,,,,,,,,
3167,,,,,,,,
3168,,,,,,,,
3169,,,,,,,,
3170,,,,,,,,
3171,O_205,"72,7",O,62.0,5260.0,Fijo,No,Silla móvil y mesa fija
3172,,,,,,,,
3173,W_403,"81,2",W,42.0,5015.0,Fijo,Si,Silla móvil y mesa fija
3174,Q_405,"114,9",Q,70.0,nan,Fijo,SI,Silla móvil y mesa fija
3175,,,,,,,,
3176,O_405,"60,9",O,44.0,5271.0,Fijo,No,Silla móvil y mesa fija
3177,,,,,,,,
3178,,,,,,,,
3179,,,,,,,,
3180,,,,,,,,
3181,,,,,,,,
3182,,,,,,,,
3183,,,,,,,,
3184,,,,,,,,
3185,B_402,"186,1",B,99.0,nan,Fijo,No (es salas de computo también),Silla móvil y mesa fija
3186,,,,,,,,
3187,,,,,,,,
3188,,,,,,,,
3189,,,,,,,,
3190,,,,,,,,
3191,,,,,,,,
3192,,,,,,,,
3193,,,,,,,,
3194,,,,,,,,
3195,,,,,,,,
3196,,,,,,,,
3197,,,,,,,,
3198,,,,,,,,
3199,,,,,,,,
3200,LL_304,"50,8",LL,50.0,5092.0,Movil,No,Pupitre universitario
3201,,,,,,,,
3202,,,,,,,,
3203,,,,,,,,
3204,,,,,,,,
3205,,,,,,,,
3206,LL_107,"38,0",LL,36.0,5082.0,Movil,SI,Pupitre universitario
3207,,,,,,,,
3208,R_110,"46,8",R,46.0,nan,Movil,No,Pupitre universitario
3209,LL_302,"51,6",LL,52.0,5090.0,Movil,No,Pupitre universitario
3210,,,,,,,,
3211,,,,,,,,
3212,,,,,,,,
3213,,,,,,,,
3214,,,,,,,,
3215,,,,,,,,
3216,,,,,,,,
3217,,,,,,,,
3218,AU_403,"46,6",Au,36.0,5633.0,Movil,Si,Mesa trapezoidal con silla móviles
3219,,,,,,,,
3220,,,,,,,,
3221,,,,,,,,
3222,,,,,,,,
3223,,,,,,,,
3224,,,,,,,,
3225,,,,,,,,
3226,,,,,,,,
3227,,,,,,,,
3228,LL_105,"37,8",LL,38.0,5080.0,Movil,SI,Pupitre universitario
3229,,,,,,,,
3230,,,,,,,,
3231,,,,,,,,
3232,,,,,,,,
3233,,,,,,,,
3234,,,,,,,,
3235,,,,,,,,
3236,,,,,,,,
3237,,,,,,,,
3238,,,,,,,,
3239,,,,,,,,
3240,,,,,,,,
3241,,,,,,,,
3242,,,,,,,,
3243,,,,,,,,
3244,,,,,,,,
3245,,,,,,,,
3246,,,,,,,,
3247,,,,,,,,
3248,,,,,,,,
3249,,,,,,,,
3250,,,,,,,,
3251,,,,,,,,
3252,Z_201,"42,3",Z,36.0,nan,Movil,No,"Silla móvil, mesa móvil"
3253,,,,,,,,
3254,SD_703,"140,9",Sd,65.0,1116.0,Fijo,Si,Silla móvil y mesa fija
3255,,,,,,,,
3256,,,,,,,,
3257,,,,,,,,
3258,,,,,,,,
3259,,,,,,,,
3260,C_212,"42,8",C,22.0,nan,Movil,si,"Silla móvil, mesa móvil"
3261,SD_804,"144,8",Sd,82.0,1118.0,Fijo,Si,Silla móvil y mesa fija
3262,,,,,,,,
3263,,,,,,,,
3264,O_203,"70,6",O,62.0,5258.0,Fijo,No,Silla móvil y mesa fija
3265,,,,,,,,
3266,,,,,,,,
3267,,,,,,,,
3268,,,,,,,,
3269,,,,,,,,
3270,C_104,"130,8",C,100.0,nan,Fijo,si,Silla móvil y mesa fija
3271,,,,,,,,
3272,,,,,,,,
3273,B_201,"122,8",B,51.0,1439.0,Fijo,No,Silla móvil y mesa fija
3274,,,,,,,,
3275,,,,,,,,
3276,,,,,,,,
3277,ML_511,"85,4",ML,61.0,1615.0,Fijo,Si,Silla móvil y mesa fija
3278,,,,,,,,
3279,,,,,,,,
3280,,,,,,,,
3281,,,,,,,,
3282,,,,,,,,
3283,,,,,,,,
3284,,,,,,,,
3285,,,,,,,,
3286,,,,,,,,
3287,,,,,,,,
3288,,,,,,,,
3289,,,,,,,,
3290,,,,,,,,
3291,SD_703,"140,9",Sd,65.0,1116.0,Fijo,Si,Silla móvil y mesa fija
3292,,,,,,,,
3293,,,,,,,,
3294,,,,,,,,
3295,,,,,,,,
3296,,,,,,,,
3297,O_105,"72,7",O,62.0,5254.0,Fijo,No,Silla móvil y mesa fija
3298,,,,,,,,
3299,,,,,,,,
3300,SD_801,"140,0",Sd,82.0,1110.0,Fijo,Si,Silla móvil y mesa fija
3301,C_309,"89,7",C,60.0,nan,Movil,si,"Silla móvil, mesa móvil"
3302,ML_617,"146,7",ML,94.0,1625.0,Fijo,SI,Silla móvil y mesa fija
3303,,,,,,,,
3304,,,,,,,,
3305,,,,,,,,
3306,,,,,,,,
3307,,,,,,,,
3308,,,,,,,,
3309,,,,,,,,
3310,,,,,,,,
3311,,,,,,,,
3312,,,,,,,,
3313,,,,,,,,
3314,,,,,,,,
3315,,,,,,,,
3316,,,,,,,,
3317,,,,,,,,
3318,,,,,,,,
3319,C_209,"88,1",C,57.0,nan,Fijo,si,Silla móvil y mesa fija
3320,SD_802,"140,0",Sd,82.0,1115.0,Fijo,Si,Silla móvil y mesa fija
3321,SD_803,"140,0",Sd,82.0,1163.0,Fijo,Si,Silla móvil y mesa fija
3322,,,,,,,,
3323,Q_405,"114,9",Q,70.0,nan,Fijo,SI,Silla móvil y mesa fija
3324,LL_301,"51,6",LL,52.0,5089.0,Movil,No,Pupitre universitario
3325,LL_302,"51,6",LL,52.0,5090.0,Movil,No,Pupitre universitario
3326,,,,,,,,
3327,,,,,,,,
3328,,,,,,,,
3329,,,,,,,,
3330,,,,,,,,
3331,,,,,,,,
3332,,,,,,,,
3333,SD_806,"140,4",Sd,82.0,1164.0,Fijo,Si,Silla móvil y mesa fija
3334,O_301,"64,2",O,56.0,5261.0,Fijo,No,Silla móvil y mesa fija
3335,,,,,,,,
3336,O_204,"70,6",O,62.0,5259.0,Fijo,No,Silla móvil y mesa fija
3337,,,,,,,,
3338,W_102,"133,5",W,87.0,5001.0,Fijo,Si,Silla móvil y mesa fija
3339,,,,,,,,
3340,,,,,,,,
3341,,,,,,,,
3342,,,,,,,,
3343,O_405,"60,9",O,44.0,5271.0,Fijo,No,Silla móvil y mesa fija
3344,,,,,,,,
3345,,,,,,,,
3346,,,,,,,,
3347,O_302,"64,2",O,56.0,5262.0,Fijo,No,Silla móvil y mesa fija
3348,,,,,,,,
3349,,,,,,,,
3350,,,,,,,,
3351,,,,,,,,
3352,,,,,,,,
3353,,,,,,,,
3354,W_504,"82,3",W,42.0,5020.0,Fijo,Si,Silla móvil y mesa fija
3355,AU_402,"46,0",Au,40.0,5632.0,Movil,Si,"Silla móvil, mesa móvil"
3356,AU_201,"59,8",Au,44.0,5608.0,Movil,Si,Mesa trapezoidal con silla móviles
3357,,,,,,,,
3358,,,,,,,,
3359,,,,,,,,
3360,,,,,,,,
3361,,,,,,,,
3362,,,,,,,,
3363,,,,,,,,
3364,,,,,,,,
3365,,,,,,,,
3366,,,,,,,,
3367,,,,,,,,
3368,O_303,"64,2",O,56.0,5263.0,Fijo,No,Silla móvil y mesa fija
3369,,,,,,,,
3370,LL_203,"52,4",LL,32.0,5086.0,Fijo,Si,Silla móvil y mesa fija
3371,,,,,,,,
3372,,,,,,,,
3373,,,,,,,,
3374,,,,,,,,
3375,,,,,,,,
3376,,,,,,,,
3377,,,,,,,,
3378,,,,,,,,
3379,,,,,,,,
3380,,,,,,,,
3381,,,,,,,,
3382,,,,,,,,
3383,,,,,,,,
3384,,,,,,,,
3385,,,,,,,,
3386,,,,,,,,
3387,,,,,,,,
3388,,,,,,,,
3389,,,,,,,,
3390,LL_301,"51,6",LL,52.0,5089.0,Movil,No,Pupitre universitario
3391,C_209,"88,1",C,57.0,nan,Fijo,si,Silla móvil y mesa fija
3392,,,,,,,,
3393,,,,,,,,
3394,,,,,,,,
3395,,,,,,,,
3396,,,,,,,,
3397,,,,,,,,
3398,,,,,,,,
3399,,,,,,,,
3400,,,,,,,,
3401,,,,,,,,
3402,,,,,,,,
3403,,,,,,,,
3404,,,,,,,,
3405,,,,,,,,
3406,,,,,,,,
3407,LL_302,"51,6",LL,52.0,5090.0,Movil,No,Pupitre universitario
3408,,,,,,,,
3409,,,,,,,,
3410,,,,,,,,
3411,,,,,,,,
3412,,,,,,,,
3413,,,,,,,,
3414,,,,,,,,
3415,,,,,,,,
3416,SD_703,"140,9",Sd,65.0,1116.0,Fijo,Si,Silla móvil y mesa fija
3417,,,,,,,,
3418,,,,,,,,
3419,,,,,,,,
3420,,,,,,,,
3421,,,,,,,,
3422,,,,,,,,
3423,SD_703,"140,9",Sd,65.0,1116.0,Fijo,Si,Silla móvil y mesa fija
3424,,,,,,,,
3425,,,,,,,,
3426,R_209,"172,1",R,192.0,nan,Fijo,No,Silla y superficie abatible fijas
3427,R_209,"172,1",R,192.0,nan,Fijo,No,Silla y superficie abatible fijas
3428,,,,,,,,
3429,,,,,,,,
3430,SD_803,"140,0",Sd,82.0,1163.0,Fijo,Si,Silla móvil y mesa fija
3431,,,,,,,,
3432,,,,,,,,
3433,SD_802,"140,0",Sd,82.0,1115.0,Fijo,Si,Silla móvil y mesa fija
3434,O_305,"72,7",O,62.0,5265.0,Fijo,No,Silla móvil y mesa fija
3435,,,,,,,,
3436,,,,,,,,
3437,,,,,,,,
3438,,,,,,,,
3439,,,,,,,,
3440,,,,,,,,
3441,,,,,,,,
3442,,,,,,,,
3443,,,,,,,,
3444,,,,,,,,
3445,,,,,,,,
3446,,,,,,,,
3447,,,,,,,,
3448,O_102,"94,0",O,121.0,5251.0,Fijo,No,Silla y superficie abatible fijas
3449,ML_511,"85,4",ML,61.0,1615.0,Fijo,Si,Silla móvil y mesa fija
3450,SD_805,"233,1",Sd,135.0,1119.0,Fijo,Si,Silla móvil y mesa fija
3451,,,,,,,,
3452,,,,,,,,
3453,,,,,,,,
3454,,,,,,,,
3455,,,,,,,,
3456,,,,,,,,
3457,,,,,,,,
3458,Q_405,"114,9",Q,70.0,nan,Fijo,SI,Silla móvil y mesa fija
3459,R_112,"83,2",R,77.0,nan,Fijo,No,Silla y superficie abatible fijas
3460,,,,,,,,
3461,,,,,,,,
3462,,,,,,,,
3463,,,,,,,,
3464,,,,,,,,
3465,,,,,,,,
3466,,,,,,,,
3467,,,,,,,,
3468,,,,,,,,
3469,,,,,,,,
3470,,,,,,,,
3471,,,,,,,,
3472,,,,,,,,
3473,,,,,,,,
3474,B_203,"88,6",B,53.0,1441.0,Fijo,No,Silla móvil y mesa fija
3475,,,,,,,,
3476,,,,,,,,
3477,,,,,,,,
3478,,,,,,,,
3479,,,,,,,,
3480,,,,,,,,
3481,,,,,,,,
3482,,,,,,,,
3483,,,,,,,,
3484,,,,,,,,
3485,,,,,,,,
3486,,,,,,,,
3487,ML_603,"165,6",ML,117.0,1626.0,Fijo,Si,Silla móvil y mesa fija
3488,,,,,,,,
3489,W_404,"139,7",W,79.0,5016.0,Fijo,Si,Silla móvil y mesa fija
3490,,,,,,,,
3491,,,,,,,,
3492,ML_607,"125,7",ML,81.0,1624.0,Fijo,Si,Silla móvil y mesa fija
3493,,,,,,,,
3494,,,,,,,,
3495,,,,,,,,
3496,,,,,,,,
3497,,,,,,,,
3498,,,,,,,,
3499,,,,,,,,
3500,,,,,,,,
3501,,,,,,,,
3502,,,,,,,,
3503,W_204,"82,4",W,42.0,5007.0,Fijo,Si,Silla móvil y mesa fija
3504,,,,,,,,
3505,,,,,,,,
3506,,,,,,,,
3507,,,,,,,,
3508,,,,,,,,
3509,,,,,,,,
3510,,,,,,,,
3511,,,,,,,,
3512,,,,,,,,
3513,,,,,,,,
3514,,,,,,,,
3515,,,,,,,,
3516,,,,,,,,
3517,,,,,,,,
3518,,,,,,,,
3519,,,,,,,,
3520,,,,,,,,
3521,,,,,,,,
3522,,,,,,,,
3523,,,,,,,,
3524,,,,,,,,
3525,,,,,,,,
3526,,,,,,,,
3527,,,,,,,,
3528,,,,,,,,
3529,,,,,,,,
3530,,,,,,,,
3531,,,,,,,,
3532,,,,,,,,
3533,,,,,,,,
3534,,,,,,,,
3535,W_204,"82,4",W,42.0,5007.0,Fijo,Si,Silla móvil y mesa fija
3536,,,,,,,,
3537,W_204,"82,4",W,42.0,5007.0,Fijo,Si,Silla móvil y mesa fija
3538,,,,,,,,
3539,,,,,,,,
3540,,,,,,,,
3541,,,,,,,,
3542,,,,,,,,
3543,,,,,,,,
3544,,,,,,,,
3545,SD_703,"140,9",Sd,65.0,1116.0,Fijo,Si,Silla móvil y mesa fija
3546,,,,,,,,
3547,,,,,,,,
3548,,,,,,,,
3549,SD_801,"140,0",Sd,82.0,1110.0,Fijo,Si,Silla móvil y mesa fija
3550,SD_716,"140,4",Sd,65.0,1105.0,Fijo,Si,Silla móvil y mesa fija
3551,,,,,,,,
3552,SD_702,"140,0",Sd,65.0,1117.0,Fijo,Si,Silla móvil y mesa fija
3553,SD_716,"140,4",Sd,65.0,1105.0,Fijo,Si,Silla móvil y mesa fija
3554,,,,,,,,
3555,,,,,,,,
3556,SD_805,"233,1",Sd,135.0,1119.0,Fijo,Si,Silla móvil y mesa fija
3557,,,,,,,,
3558,,,,,,,,
3559,SD_715,"140,4",Sd,65.0,1109.0,Fijo,Si,Silla móvil y mesa fija
3560,SD_715,"140,4",Sd,65.0,1109.0,Fijo,Si,Silla móvil y mesa fija
3561,SD_715,"140,4",Sd,65.0,1109.0,Fijo,Si,Silla móvil y mesa fija
3562,,,,,,,,
3563,,,,,,,,
3564,,,,,,,,
3565,SD_715,"140,4",Sd,65.0,1109.0,Fijo,Si,Silla móvil y mesa fija
3566,SD_802,"140,0",Sd,82.0,1115.0,Fijo,Si,Silla móvil y mesa fija
3567,,,,,,,,
3568,,,,,,,,
3569,,,,,,,,
3570,,,,,,,,
3571,SD_703,"140,9",Sd,65.0,1116.0,Fijo,Si,Silla móvil y mesa fija
3572,SD_715,"140,4",Sd,65.0,1109.0,Fijo,Si,Silla móvil y mesa fija
3573,,,,,,,,
3574,,,,,,,,
3575,,,,,,,,
3576,,,,,,,,
3577,,,,,,,,
3578,,,,,,,,
3579,,,,,,,,
3580,,,,,,,,
3581,,,,,,,,
3582,ML_512,"92,2",ML,61.0,1621.0,Fijo,Si,Silla móvil y mesa fija
3583,,,,,,,,
3584,,,,,,,,
3585,,,,,,,,
3586,,,,,,,,
3587,,,,,,,,
3588,,,,,,,,
3589,AU_308,"45,8",Au,30.0,5626.0,Movil,Si,"Silla móvil, mesa móvil"
3590,AU_308,"45,8",Au,30.0,5626.0,Movil,Si,"Silla móvil, mesa móvil"
3591,,,,,,,,
3592,,,,,,,,
3593,AU_306,"45,8",Au,32.0,5624.0,Movil,Si,"Silla móvil, mesa móvil"
3594,,,,,,,,
3595,,,,,,,,
3596,,,,,,,,
3597,,,,,,,,
3598,,,,,,,,
3599,,,,,,,,
3600,,,,,,,,
3601,,,,,,,,
3602,,,,,,,,
3603,,,,,,,,
3604,SD_702,"140,0",Sd,65.0,1117.0,Fijo,Si,Silla móvil y mesa fija
3605,SD_704,"144,8",Sd,60.0,1106.0,Movil,Si,"Silla móvil, mesa móvil"
3606,SD_803,"140,0",Sd,82.0,1163.0,Fijo,Si,Silla móvil y mesa fija
3607,SD_715,"140,4",Sd,65.0,1109.0,Fijo,Si,Silla móvil y mesa fija
3608,SD_702,"140,0",Sd,65.0,1117.0,Fijo,Si,Silla móvil y mesa fija
3609,SD_703,"140,9",Sd,65.0,1116.0,Fijo,Si,Silla móvil y mesa fija
3610,SD_803,"140,0",Sd,82.0,1163.0,Fijo,Si,Silla móvil y mesa fija
3611,SD_704,"144,8",Sd,60.0,1106.0,Movil,Si,"Silla móvil, mesa móvil"
3612,SD_715,"140,4",Sd,65.0,1109.0,Fijo,Si,Silla móvil y mesa fija
3613,,,,,,,,
3614,,,,,,,,
3615,,,,,,,,
3616,,,,,,,,
3617,,,,,,,,
3618,,,,,,,,
3619,,,,,,,,
3620,,,,,,,,
3621,ML_511,"85,4",ML,61.0,1615.0,Fijo,Si,Silla móvil y mesa fija
3622,AU_107,"46,3",Au,36.0,5605.0,Movil,Si,"Silla móvil, mesa móvil"
3623,B_401,"159,2",B,81.0,nan,Fijo,No (es salas de computo también),Silla móvil y mesa fija
3624,ML_515,"114,9",ML,44.0,1628.0,Movil,Si,"Silla móvil, mesa móvil"
3625,,,,,,,,
3626,ML_110,"16,3",ML,10.0,nan,Movil,SI,"Silla móvil, mesa móvil"
3627,Y_111B,"43,6",Y,24.0,nan,Movil,No,"Silla móvil, mesa móvil"
3628,AU_403,"46,6",Au,36.0,5633.0,Movil,Si,Mesa trapezoidal con silla móviles
3629,,,,,,,,
3630,,,,,,,,
3631,,,,,,,,
3632,,,,,,,,
3633,,,,,,,,
3634,,,,,,,,
3635,,,,,,,,
3636,,,,,,,,
3637,,,,,,,,
3638,,,,,,,,
3639,,,,,,,,
3640,,,,,,,,
3641,,,,,,,,
3642,B_203,"88,6",B,53.0,1441.0,Fijo,No,Silla móvil y mesa fija
3643,,,,,,,,
3644,,,,,,,,
3645,,,,,,,,
3646,,,,,,,,
3647,,,,,,,,
3648,,,,,,,,
3649,,,,,,,,
3650,,,,,,,,
3651,,,,,,,,
3652,,,,,,,,
3653,,,,,,,,
3654,,,,,,,,
3655,,,,,,,,
3656,,,,,,,,
3657,,,,,,,,
3658,,,,,,,,
3659,,,,,,,,
3660,,,,,,,,
3661,,,,,,,,
3662,,,,,,,,
3663,,,,,,,,
3664,,,,,,,,
3665,,,,,,,,
3666,,,,,,,,
3667,,,,,,,,
3668,,,,,,,,
3669,,,,,,,,
3670,,,,,,,,
3671,,,,,,,,
3672,,,,,,,,
3673,,,,,,,,
3674,,,,,,,,
3675,,,,,,,,
3676,,,,,,,,
3677,,,,,,,,
3678,,,,,,,,
3679,,,,,,,,
3680,,,,,,,,
3681,,,,,,,,
3682,,,,,,,,
3683,,,,,,,,
3684,,,,,,,,
3685,,,,,,,,
3686,,,,,,,,
3687,,,,,,,,
3688,,,,,,,,
3689,,,,,,,,
3690,,,,,,,,
3691,,,,,,,,
3692,,,,,,,,
3693,,,,,,,,
3694,,,,,,,,
3695,,,,,,,,
3696,,,,,,,,
3697,,,,,,,,
3698,,,,,,,,
3699,,,,,,,,
3700,,,,,,,,
3701,,,,,,,,
3702,,,,,,,,
3703,,,,,,,,
3704,,,,,,,,
3705,,,,,,,,
3706,,,,,,,,
3707,,,,,,,,
3708,,,,,,,,
3709,,,,,,,,
3710,,,,,,,,
3711,,,,,,,,
3712,,,,,,,,
3713,K2_101,"68,4",K2,40.0,nan,Movil,No,"Silla móvil, mesa móvil"
3714,K2_101,"68,4",K2,40.0,nan,Movil,No,"Silla móvil, mesa móvil"
3715,,,,,,,,
3716,,,,,,,,
3717,,,,,,,,
3718,,,,,,,,
3719,,,,,,,,
3720,,,,,,,,
3721,W_402,"81,8",W,40.0,5014.0,Fijo,Si,Silla móvil y mesa fija
3722,,,,,,,,
3723,,,,,,,,
3724,,,,,,,,
3725,,,,,,,,
3726,,,,,,,,
3727,,,,,,,,
3728,,,,,,,,
3729,,,,,,,,
3730,,,,,,,,
3731,,,,,,,,
3732,,,,,,,,
3733,,,,,,,,
3734,,,,,,,,
3735,,,,,,,,
3736,,,,,,,,
3737,,,,,,,,
3738,,,,,,,,
3739,,,,,,,,
3740,,,,,,,,
3741,,,,,,,,
3742,,,,,,,,
3743,,,,,,,,
3744,,,,,,,,
3745,,,,,,,,
3746,,,,,,,,
3747,,,,,,,,
3748,,,,,,,,
3749,,,,,,,,
3750,,,,,,,,
3751,,,,,,,,
3752,K2_101,"68,4",K2,40.0,nan,Movil,No,"Silla móvil, mesa móvil"
3753,,,,,,,,
3754,,,,,,,,
3755,,,,,,,,
3756,,,,,,,,
3757,,,,,,,,
3758,,,,,,,,
3759,,,,,,,,
3760,,,,,,,,
3761,,,,,,,,
3762,,,,,,,,
3763,,,,,,,,
3764,,,,,,,,
3765,,,,,,,,
3766,,,,,,,,
3767,SD_804,"144,8",Sd,82.0,1118.0,Fijo,Si,Silla móvil y mesa fija
3768,,,,,,,,
3769,,,,,,,,
3770,,,,,,,,
3771,,,,,,,,
3772,,,,,,,,
3773,,,,,,,,
3774,,,,,,,,
3775,,,,,,,,
3776,R_210,"172,8",R,192.0,nan,Fijo,No,Silla y superficie abatible fijas
3777,W_504,"82,3",W,42.0,5020.0,Fijo,Si,Silla móvil y mesa fija
3778,B_202,"154,6",B,110.0,1440.0,Fijo,No,Silla móvil y mesa fija
3779,,,,,,,,
3780,SD_715,"140,4",Sd,65.0,1109.0,Fijo,Si,Silla móvil y mesa fija
3781,B_202,"154,6",B,110.0,1440.0,Fijo,No,Silla móvil y mesa fija
3782,,,,,,,,
3783,G_101,"120,6",G,84.0,5501.0,Fijo,No,Silla móvil y mesa fija
3784,,,,,,,,
3785,ML_606,"125,7",ML,81.0,1612.0,Fijo,Si,Silla móvil y mesa fija
3786,,,,,,,,
3787,ML_514,"98,1",ML,69.0,1620.0,Fijo,Si,Silla móvil y mesa fija
3788,SD_806,"140,4",Sd,82.0,1164.0,Fijo,Si,Silla móvil y mesa fija
3789,,,,,,,,
3790,,,,,,,,
3791,,,,,,,,
3792,,,,,,,,
3793,,,,,,,,
3794,,,,,,,,
3795,,,,,,,,
3796,Q_307,"88,1",Q,42.0,1455.0,Fijo,SI,Silla móvil y mesa fija
3797,AU_203,"59,8",Au,48.0,5610.0,Movil,SI,"Silla móvil, mesa móvil"
3798,O_104,"94,0",O,121.0,5253.0,Fijo,No,Silla y superficie abatible fijas
3799,O_104,"94,0",O,121.0,5253.0,Fijo,No,Silla y superficie abatible fijas
3800,B_202,"154,6",B,110.0,1440.0,Fijo,No,Silla móvil y mesa fija
3801,B_202,"154,6",B,110.0,1440.0,Fijo,No,Silla móvil y mesa fija
3802,,,,,,,,
3803,SD_704,"144,8",Sd,60.0,1106.0,Movil,Si,"Silla móvil, mesa móvil"
3804,,,,,,,,
3805,,,,,,,,
3806,,,,,,,,
3807,,,,,,,,
3808,,,,,,,,
3809,,,,,,,,
3810,,,,,,,,
3811,,,,,,,,
3812,,,,,,,,
3813,Z_103,"40,1",Z,35.0,nan,Movil,No,Pupitre universitario
3814,,,,,,,,
3815,,,,,,,,
3816,,,,,,,,
3817,,,,,,,,
3818,,,,,,,,
3819,,,,,,,,
3820,R_210,"172,8",R,192.0,nan,Fijo,No,Silla y superficie abatible fijas
3821,,,,,,,,
3822,,,,,,,,
3823,,,,,,,,
3824,,,,,,,,
3825,,,,,,,,
3826,,,,,,,,
3827,,,,,,,,
3828,,,,,,,,
3829,,,,,,,,
3830,,,,,,,,
3831,,,,,,,,
3832,,,,,,,,
3833,C_211,"42,2",C,22.0,nan,Movil,si,"Silla móvil, mesa móvil"
3834,,,,,,,,
3835,,,,,,,,
3836,,,,,,,,
3837,,,,,,,,
3838,O_105,"72,7",O,62.0,5254.0,Fijo,No,Silla móvil y mesa fija
3839,,,,,,,,
3840,,,,,,,,
3841,,,,,,,,
3842,,,,,,,,
3843,,,,,,,,
3844,,,,,,,,
3845,,,,,,,,
3846,,,,,,,,
3847,,,,,,,,
3848,B_401,"159,2",B,81.0,nan,Fijo,No (es salas de computo también),Silla móvil y mesa fija
3849,,,,,,,,
3850,,,,,,,,
3851,,,,,,,,
3852,,,,,,,,
3853,,,,,,,,
3854,,,,,,,,
3855,,,,,,,,
3856,,,,,,,,
3857,,,,,,,,
3858,,,,,,,,
3859,,,,,,,,
3860,,,,,,,,
3861,,,,,,,,
3862,,,,,,,,
3863,,,,,,,,
3864,,,,,,,,
3865,,,,,,,,
3866,,,,,,,,
3867,,,,,,,,
3868,,,,,,,,
3869,,,,,,,,
3870,,,,,,,,
3871,,,,,,,,
3872,,,,,,,,
3873,ML_606,"125,7",ML,81.0,1612.0,Fijo,Si,Silla móvil y mesa fija
3874,,,,,,,,
3875,,,,,,,,
3876,,,,,,,,
3877,O_404,"57,8",O,50.0,5270.0,Fijo,No,Silla móvil y mesa fija
3878,W_403,"81,2",W,42.0,5015.0,Fijo,Si,Silla móvil y mesa fija
3879,O_101,"94,0",O,121.0,5250.0,Fijo,No,Silla y superficie abatible fijas
3880,,,,,,,,
3881,,,,,,,,
3882,,,,,,,,
3883,SD_801,"140,0",Sd,82.0,1110.0,Fijo,Si,Silla móvil y mesa fija
3884,,,,,,,,
3885,,,,,,,,
3886,,,,,,,,
3887,R_111,"83,0",R,70.0,nan,Fijo,No,Silla y superficie abatible fijas
3888,AU_104,"62,6",Au,48.0,5604.0,Movil,Si,Mesa trapezoidal con silla móviles
3889,,,,,,,,
3890,,,,,,,,
3891,,,,,,,,
3892,,,,,,,,
3893,,,,,,,,
3894,,,,,,,,
3895,,,,,,,,
3896,,,,,,,,
3897,,,,,,,,
3898,LL_302,"51,6",LL,52.0,5090.0,Movil,No,Pupitre universitario
3899,,,,,,,,
3900,,,,,,,,
3901,,,,,,,,
3902,W_506,"82,8",W,40.0,5022.0,Fijo,Si,Silla móvil y mesa fija
3903,,,,,,,,
3904,ML_515,"114,9",ML,44.0,1628.0,Movil,Si,"Silla móvil, mesa móvil"
3905,,,,,,,,
3906,,,,,,,,
3907,,,,,,,,
3908,,,,,,,,
3909,C_206,"43,2",C,22.0,nan,Movil,si,"Silla móvil, mesa móvil"
3910,,,,,,,,
3911,,,,,,,,
3912,,,,,,,,
3913,B_402,"186,1",B,99.0,nan,Fijo,No (es salas de computo también),Silla móvil y mesa fija
3914,,,,,,,,
3915,,,,,,,,
3916,,,,,,,,
3917,,,,,,,,
3918,,,,,,,,
3919,,,,,,,,
3920,,,,,,,,
3921,,,,,,,,
3922,,,,,,,,
3923,,,,,,,,
3924,W_403,"81,2",W,42.0,5015.0,Fijo,Si,Silla móvil y mesa fija
3925,W_403,"81,2",W,42.0,5015.0,Fijo,Si,Silla móvil y mesa fija
3926,W_403,"81,2",W,42.0,5015.0,Fijo,Si,Silla móvil y mesa fija
3927,W_403,"81,2",W,42.0,5015.0,Fijo,Si,Silla móvil y mesa fija
