;CRN;Materia;Seccion;Semestre;Creditos;Titulo;Cupo;Inscritos;Disponible;1Dias;1Horas;1Salon;2Dias;2Horas;2Salon;3Dias;3Horas;3Salon;1Instructor;2Instructor;3Instructor;;;;;;;;;;;;;;;;;;;;;;
1;16970;ISIS-1001 ;1;201710;3;INTROD. INGENIERIA DE SISTEMAS;44;44;0;LI;930 - 1050;ML_515 ;LI;;;;;;HERNANDEZ PENALOZA JOSE       ;                              ;                              ;;;;;;;;;;;;;;;;;;;;;;
2;10838;ISIS-1001 ;2;201710;3;INTROD. INGENIERIA DE SISTEMAS;54;53;1;MJ;1530 - 1650;O_301  ;MJ;;;;;;SANCHEZ PUCCINI MARIO         ;GONZALEZ ROJAS OSCAR          ;                              ;;;;;;;;;;;;;;;;;;;;;;
3;24591;ISIS-1002 ;1;201710;0;ACOMPAÑAMIENTO ISIS           ;100;98;2;S;800 - 1150;B_202  ;S;800 - 1150;B_202  ;S;800 - 1150;B_202  ;GOMEZ D`ALLEMAN ALVARO        ;FERNANDEZ JUAN                ;                              ;;;;;;;;;;;;;;;;;;;;;;
4;11177;ISIS-1104 ;1;201710;3;MATEMÁTICA ESTRUCTURAL Y LÓGIC;44;34;10;MJ;930 - 1050;ML_614 ;MJ;;;;;;DIAZ FRIAS JUAN               ;                              ;                              ;;;;;;;;;;;;;;;;;;;;;;
5;11209;ISIS-1104 ;3;201710;3;MATEMÁTICA ESTRUCTURAL Y LÓGIC;40;32;8;LV;1230 - 1350;AU_204 ;LV;;;;;;CARDOZO ALVAREZ NICOLAS       ;                              ;                              ;;;;;;;;;;;;;;;;;;;;;;
6;18783;ISIS-1104 ;5;201710;3;MATE ESTRUCTU Y LÓGIC (INGLES);44;39;5;LJ;1400 - 1520;ML_516 ;LJ;;;;;;TAKAHASHI SILVIA              ;                              ;                              ;;;;;;;;;;;;;;;;;;;;;;
7;22759;ISIS-1104 ;7;201710;3;MATEMÁTICA ESTRUCTURAL Y LÓGIC;40;13;27;MV;1530 - 1650;AU_401 ;MV;;;;;;CARDOSO RODRIGUEZ RODRIGO     ;                              ;                              ;;;;;;;;;;;;;;;;;;;;;;
8;15032;ISIS-1104L;1;201710;0;LAB MATEMÁTICA ESTRUCT Y LOGIC;21;14;7;I;930 - 1050;W_201  ;I;;;;;;DE AVILA BULA MIGUEL          ;                              ;                              ;;;;;;;;;;;;;;;;;;;;;;
9;15033;ISIS-1104L;2;201710;0;LAB MATEMÁTICA ESTRUCT Y LOGIC;24;20;4;V;930 - 1050;W_201  ;V;;;;;;DE AVILA BULA MIGUEL          ;                              ;                              ;;;;;;;;;;;;;;;;;;;;;;
10;15034;ISIS-1104L;3;201710;0;LAB MATEMÁTICA ESTRUCT Y LOGIC;20;16;4;M;1230 - 1350;W_201  ;M;;;;;;MARTINEZ LAVERDE DIVA         ;                              ;                              ;;;;;;;;;;;;;;;;;;;;;;
11;15035;ISIS-1104L;4;201710;0;LAB MATEMÁTICA ESTRUCT Y LOGIC;20;16;4;J;1230 - 1350;W_203  ;J;;;;;;MARTINEZ LAVERDE DIVA         ;                              ;                              ;;;;;;;;;;;;;;;;;;;;;;
12;22761;ISIS-1104L;5;201710;0;LAB MATEMÁTICA ESTRUCT Y LOGIC;23;21;2;M;1400 - 1520;W_205  ;M;;;;;;DE AVILA BULA MIGUEL          ;                              ;                              ;;;;;;;;;;;;;;;;;;;;;;
13;16783;ISIS-1104L;6;201710;0;LAB MATEMÁTICA ESTRUCT Y LOGIC;21;18;3;I;1400 - 1520;W_201  ;I;;;;;;DE AVILA BULA MIGUEL          ;                              ;                              ;;;;;;;;;;;;;;;;;;;;;;
14;20535;ISIS-1104L;7;201710;0;LAB MATEMÁTICA ESTRUCT Y LOGIC;20;11;9;I;1530 - 1650;W_201  ;I;;;;;;ESCOBAR VELASQUEZ CAMILO      ;                              ;                              ;;;;;;;;;;;;;;;;;;;;;;
15;22763;ISIS-1104L;8;201710;0;LAB MATEMÁTICA ESTRUCT Y LOGIC;20;2;18;J;1530 - 1650;W_202  ;J;;;;;;ESCOBAR VELASQUEZ CAMILO      ;                              ;                              ;;;;;;;;;;;;;;;;;;;;;;
16;12123;ISIS-1105 ;1;201710;3;DISEÑO Y ANALISIS DE ALGORI.  ;40;33;7;M;930 - 1050;B_203  ;M;930 - 1050;O_403  ;J;;;CARDOSO RODRIGUEZ RODRIGO     ;                              ;                              ;;;;;;;;;;;;;;;;;;;;;;
17;20537;ISIS-1105 ;2;201710;3;DISEÑO Y ANALISIS DE ALGORI.  ;40;30;10;MJ;1400 - 1520;Z_203  ;MJ;;;;;;CARDOSO RODRIGUEZ RODRIGO     ;                              ;                              ;;;;;;;;;;;;;;;;;;;;;;
18;11178;ISIS-1106 ;1;201710;3;LENGUAJES Y MÁQUINAS          ;45;41;4;LI;800 - 920;ML_509 ;LI;;;;;;TAKAHASHI SILVIA              ;                              ;                              ;;;;;;;;;;;;;;;;;;;;;;
19;18957;ISIS-1106 ;2;201710;3;LENGUAJES Y MÁQUINAS          ;50;42;8;MJ;1530 - 1650;SD_803 ;MJ;;;;;;CARDOZO ALVAREZ NICOLAS       ;                              ;                              ;;;;;;;;;;;;;;;;;;;;;;
20;10054;ISIS-1204 ;1;201710;3;ALGORITMICA Y PROGR. OBJ. I   ;24;16;8;MJ;630 - 750;AU_304 ;MJ;;;;;;CORTES BUITRAGO GLORIA        ;                              ;                              ;;;;;;;;;;;;;;;;;;;;;;
21;11468;ISIS-1204 ;2;201710;3;ALGORITMICA Y PROGR. OBJ. I   ;24;18;6;LV;630 - 750;S1_001 ;LV;;;;;;SOTELO AREVALO GERMAN         ;                              ;                              ;;;;;;;;;;;;;;;;;;;;;;
22;11469;ISIS-1204 ;3;201710;3;ALGORITMICA Y PROGR. OBJ. I   ;24;19;5;MV;630 - 750;AU_209 ;MV;;;;;;CARVAJAL TORRES SANTIAGO      ;                              ;                              ;;;;;;;;;;;;;;;;;;;;;;
23;25293;ISIS-1204 ;5;201710;3;ALGORITMICA Y PROGR. OBJ. I   ;24;22;2;LI;800 - 920;S1_001 ;LI;;;;;;DUITAMA CASTELLANOS JORGE     ;                              ;                              ;;;;;;;;;;;;;;;;;;;;;;
24;25294;ISIS-1204 ;6;201710;3;ALGORITMICA Y PROGR. OBJ. I   ;24;24;0;LM;800 - 920;W_203  ;LM;;;;;;ROMERO GUTIERREZ GERMAN       ;                              ;                              ;;;;;;;;;;;;;;;;;;;;;;
25;11471;ISIS-1204 ;8;201710;3;ALGORITMICA Y PROGR. OBJ. I   ;24;23;1;LJ;800 - 920;W_502  ;LJ;;;;;;CASTILLO COY FABIO            ;                              ;                              ;;;;;;;;;;;;;;;;;;;;;;
26;13195;ISIS-1204 ;9;201710;3;ALGORITMICA Y PROGR. OBJ. I   ;24;14;10;MJ;800 - 920;AU_304 ;MJ;;;;;;GOMEZ VARGAS ANDRES           ;                              ;                              ;;;;;;;;;;;;;;;;;;;;;;
27;10367;ISIS-1204 ;10;201710;3;ALGORITMICA Y PROGR. OBJ. I   ;24;21;3;MI;800 - 920;W_201  ;MI;;;;;;PEÑA LOPEZ YEIMI              ;                              ;                              ;;;;;;;;;;;;;;;;;;;;;;
28;12144;ISIS-1204 ;11;201710;3;ALGORITMICA Y PROGR. OBJ. I   ;24;15;9;IV;800 - 920;W_502  ;IV;;;;;;GONZALEZ DIAZ JOSHSUA         ;                              ;                              ;;;;;;;;;;;;;;;;;;;;;;
29;10368;ISIS-1204 ;12;201710;3;ALGORITMICA Y PROGR. OBJ. I   ;24;21;3;LV;930 - 1050;W_205  ;LV;;;;;;FORERO GONZALEZ CESAR         ;                              ;                              ;;;;;;;;;;;;;;;;;;;;;;
30;10369;ISIS-1204 ;13;201710;3;ALGORITMICA Y PROGR. OBJ. I   ;24;20;4;MJ;930 - 1050;W_202  ;MJ;;;;;;ARIZA PORRAS CHRISTIAN        ;                              ;                              ;;;;;;;;;;;;;;;;;;;;;;
31;10370;ISIS-1204 ;14;201710;3;ALGORITMICA Y PROGR. OBJ. I   ;24;23;1;MV;930 - 1050;Z_225  ;MV;;;;;;FIGUEROA FORERO PABLO         ;                              ;                              ;;;;;;;;;;;;;;;;;;;;;;
32;11474;ISIS-1204 ;15;201710;3;ALGORITMICA Y PROGR. OBJ. I   ;24;18;6;MV;930 - 1050;AU_310 ;MV;;;;;;DE LA ROSA ROSERO MARIO       ;                              ;                              ;;;;;;;;;;;;;;;;;;;;;;
33;20693;ISIS-1204 ;16;201710;3;ALGORITMICA Y PROGR. OBJ. I   ;24;20;4;IJ;930 - 1050;S1_001 ;IJ;;;;;;VELA SALAZAR FLOR             ;                              ;                              ;;;;;;;;;;;;;;;;;;;;;;
34;13996;ISIS-1204 ;17;201710;3;ALGORITMICA Y PROGR. OBJ. I   ;24;22;2;L;930 - 1050;W_501  ;L;930 - 1050;R_113  ;V;;;TRIANA TRUJILLO JHON          ;                              ;                              ;;;;;;;;;;;;;;;;;;;;;;
35;10371;ISIS-1204 ;18;201710;3;ALGORITMICA Y PROGR. OBJ. I   ;24;24;0;J;930 - 1050;Z_104  ;J;930 - 1050;Z_105  ;V;;;GONZALEZ DIAZ JOSHSUA         ;                              ;                              ;;;;;;;;;;;;;;;;;;;;;;
36;10372;ISIS-1204 ;19;201710;3;ALGORITMICA Y PROGR. OBJ. I   ;24;21;3;LJ;1100 - 1220;W_502  ;LJ;;;;;;GONZALEZ DIAZ JOSHSUA         ;                              ;                              ;;;;;;;;;;;;;;;;;;;;;;
37;10373;ISIS-1204 ;20;201710;3;ALGORITMICA Y PROGR. OBJ. I   ;24;17;7;LV;1100 - 1220;S1_001 ;LV;;;;;;PEREZ ROMANELLO VANESSA       ;                              ;                              ;;;;;;;;;;;;;;;;;;;;;;
38;16816;ISIS-1204 ;21;201710;3;ALGORITMICA Y PROGR. OBJ. I   ;24;24;0;MJ;1100 - 1220;W_501  ;MJ;;;;;;ARIZA PORRAS CHRISTIAN        ;                              ;                              ;;;;;;;;;;;;;;;;;;;;;;
39;10374;ISIS-1204 ;22;201710;3;ALGORITMICA Y PROGR. OBJ. I   ;24;18;6;MV;1100 - 1220;W_201  ;MV;;;;;;HERRERA SUESCUN LIZETH        ;                              ;                              ;;;;;;;;;;;;;;;;;;;;;;
40;25302;ISIS-1204 ;23;201710;3;ALGORITMICA Y PROGR. OBJ. I   ;24;22;2;L;1100 - 1220;AU_308 ;L;1100 - 1220;Y_111B ;I;;;FERNANDEZ NIETO GLORIA        ;                              ;                              ;;;;;;;;;;;;;;;;;;;;;;
41;12757;ISIS-1204 ;24;201710;3;ALGORITMICA Y PROGR. OBJ. I   ;24;22;2;MV;1230 - 1350;W_205  ;MV;;;;;;HERNANDEZ HOYOS MARCELA       ;                              ;                              ;;;;;;;;;;;;;;;;;;;;;;
42;11102;ISIS-1204 ;25;201710;3;ALGORITMICA Y PROGR. OBJ. I   ;24;17;7;JV;1230 - 1350;W_402  ;JV;;;;;;RESTREPO SARMIENTO JORGE      ;                              ;                              ;;;;;;;;;;;;;;;;;;;;;;
43;11024;ISIS-1204 ;26;201710;3;ALGORITMICA Y PROGR. OBJ. I   ;24;23;1;M;1230 - 1350;W_204  ;M;1230 - 1350;W_201  ;I;;;FORERO GONZALEZ CESAR         ;                              ;                              ;;;;;;;;;;;;;;;;;;;;;;
44;25336;ISIS-1204 ;27;201710;3;ALGORITMICA Y PROGR. OBJ. I   ;24;23;1;LV;1230 - 1350;W_501  ;LV;;;;;;OLARTE JARAMILLO LUIS         ;                              ;                              ;;;;;;;;;;;;;;;;;;;;;;
45;11025;ISIS-1204 ;28;201710;3;ALGORITMICA Y PROGR. OBJ. I   ;24;21;3;LM;1230 - 1350;AU_209 ;LM;;;;;;TRUJILLO RAMIREZ MONICA       ;                              ;                              ;;;;;;;;;;;;;;;;;;;;;;
46;12150;ISIS-1204 ;29;201710;3;ALGORITMICA Y PROGR. OBJ. I   ;24;22;2;LV;1400 - 1520;W_503  ;LV;;;;;;CASAS SALAS LINA              ;                              ;                              ;;;;;;;;;;;;;;;;;;;;;;
47;10640;ISIS-1204 ;30;201710;3;ALGORITMICA Y PROGR. OBJ. I   ;24;14;10;LJ;1400 - 1520;Z_225  ;LJ;;;;;;PADILLA AGUDELO JESSE         ;                              ;                              ;;;;;;;;;;;;;;;;;;;;;;
48;22668;ISIS-1204 ;31;201710;3;ALGORITMICA Y PROGR. OBJ. I   ;24;10;14;MI;1400 - 1520;W_503  ;MI;;;;;;BRAVO CORDOBA GERMAN          ;                              ;                              ;;;;;;;;;;;;;;;;;;;;;;
49;12148;ISIS-1204 ;32;201710;3;ALGORITMICA Y PROGR. OBJ. I   ;24;19;5;MV;1400 - 1520;R_109  ;MV;;;;;;RUEDA RODRIGUEZ SANDRA        ;                              ;                              ;;;;;;;;;;;;;;;;;;;;;;
50;10412;ISIS-1204 ;33;201710;3;ALGORITMICA Y PROGR. OBJ. I   ;24;18;6;LJ;1400 - 1520;SD_204 ;LJ;;;;;;LESMES ALVARADO SEBASTIAN     ;                              ;                              ;;;;;;;;;;;;;;;;;;;;;;
51;13197;ISIS-1204 ;35;201710;3;ALGORITMICA Y PROGR. OBJ. I   ;24;22;2;MV;1530 - 1650;S1_002 ;MV;;;;;;GOMEZ VARGAS ANDRES           ;                              ;                              ;;;;;;;;;;;;;;;;;;;;;;
52;25297;ISIS-1204 ;36;201710;3;ALGORITMICA Y PROGR. OBJ. I   ;24;20;4;L;1530 - 1650;PU_100 ;L;1530 - 1650;SD_307 ;J;;;NAVARRETE PUENTES CARLOS      ;                              ;                              ;;;;;;;;;;;;;;;;;;;;;;
53;13600;ISIS-1204 ;37;201710;3;ALGORITMICA Y PROGR. OBJ. I   ;24;15;9;LJ;1700 - 1820;S1_001 ;LJ;;;;;;MORENO DIAZ JULIAN            ;                              ;                              ;;;;;;;;;;;;;;;;;;;;;;
54;14131;ISIS-1204 ;38;201710;3;ALGORITMICA Y PROGR. OBJ. I   ;24;12;12;MJ;1700 - 1820;W_502  ;MJ;;;;;;FERNANDEZ JUAN                ;                              ;                              ;;;;;;;;;;;;;;;;;;;;;;
55;20566;ISIS-1204 ;39;201710;3;ALGORITMICA Y PROGR. OBJ. I   ;30;19;11;MJ;1830 - 1950;AU_307 ;MJ;;;;;;ROMERO BOHORQUEZ NESTOR       ;                              ;                              ;;;;;;;;;;;;;;;;;;;;;;
56;22669;ISIS-1204L;1;201710;0;LAB ALGORITMICA Y PROG. OBJ I ;24;16;8;V;630 - 750;ML_109A;V;;;;;;CORTES BUITRAGO GLORIA        ;                              ;                              ;;;;;;;;;;;;;;;;;;;;;;
57;22670;ISIS-1204L;2;201710;0;LAB ALGORITMICA Y PROG. OBJ I ;24;18;6;M;630 - 750;ML_109A;M;;;;;;SOTELO AREVALO GERMAN         ;                              ;                              ;;;;;;;;;;;;;;;;;;;;;;
58;22671;ISIS-1204L;3;201710;0;LAB ALGORITMICA Y PROG. OBJ I ;24;19;5;I;630 - 750;ML_109A;I;;;;;;CARVAJAL TORRES SANTIAGO      ;                              ;                              ;;;;;;;;;;;;;;;;;;;;;;
59;25298;ISIS-1204L;5;201710;0;LAB ALGORITMICA Y PROG. OBJ I ;24;22;2;M;800 - 920;ML_109A;M;;;;;;DUITAMA CASTELLANOS JORGE     ;                              ;                              ;;;;;;;;;;;;;;;;;;;;;;
60;25299;ISIS-1204L;6;201710;0;LAB ALGORITMICA Y PROG. OBJ I ;24;24;0;J;800 - 920;ML_109A;J;;;;;;ROMERO GUTIERREZ GERMAN       ;                              ;                              ;;;;;;;;;;;;;;;;;;;;;;
61;22676;ISIS-1204L;8;201710;0;LAB ALGORITMICA Y PROG. OBJ I ;24;23;1;I;800 - 920;ML_109A;I;;;;;;CASTILLO COY FABIO            ;                              ;                              ;;;;;;;;;;;;;;;;;;;;;;
62;22677;ISIS-1204L;9;201710;0;LAB ALGORITMICA Y PROG. OBJ I ;24;14;10;I;800 - 920;ML_109B;I;;;;;;GOMEZ VARGAS ANDRES           ;                              ;                              ;;;;;;;;;;;;;;;;;;;;;;
63;22678;ISIS-1204L;10;201710;0;LAB ALGORITMICA Y PROG. OBJ I ;24;21;3;V;800 - 920;ML_109A;V;;;;;;PEÑA LOPEZ YEIMI              ;                              ;                              ;;;;;;;;;;;;;;;;;;;;;;
64;22679;ISIS-1204L;11;201710;0;LAB ALGORITMICA Y PROG. OBJ I ;24;15;9;J;800 - 920;ML_109B;J;;;;;;GONZALEZ DIAZ JOSHSUA         ;                              ;                              ;;;;;;;;;;;;;;;;;;;;;;
65;22680;ISIS-1204L;12;201710;0;LAB ALGORITMICA Y PROG. OBJ I ;24;21;3;J;930 - 1050;ML_109A;J;;;;;;FORERO GONZALEZ CESAR         ;                              ;                              ;;;;;;;;;;;;;;;;;;;;;;
66;22681;ISIS-1204L;13;201710;0;LAB ALGORITMICA Y PROG. OBJ I ;24;20;4;I;930 - 1050;ML_109A;I;;;;;;ARIZA PORRAS CHRISTIAN        ;                              ;                              ;;;;;;;;;;;;;;;;;;;;;;
67;22682;ISIS-1204L;14;201710;0;LAB ALGORITMICA Y PROG. OBJ I ;24;23;1;I;930 - 1050;ML_109B;I;;;;;;FIGUEROA FORERO PABLO         ;                              ;                              ;;;;;;;;;;;;;;;;;;;;;;
68;22683;ISIS-1204L;15;201710;0;LAB ALGORITMICA Y PROG. OBJ I ;24;18;6;J;930 - 1050;ML_109B;J;;;;;;DE LA ROSA ROSERO MARIO       ;                              ;                              ;;;;;;;;;;;;;;;;;;;;;;
69;22684;ISIS-1204L;16;201710;0;LAB ALGORITMICA Y PROG. OBJ I ;24;20;4;V;930 - 1050;ML_109A;V;;;;;;VELA SALAZAR FLOR             ;                              ;                              ;;;;;;;;;;;;;;;;;;;;;;
70;22685;ISIS-1204L;17;201710;0;LAB ALGORITMICA Y PROG. OBJ I ;24;22;2;M;930 - 1050;ML_109A;M;;;;;;TRIANA TRUJILLO JHON          ;                              ;                              ;;;;;;;;;;;;;;;;;;;;;;
71;22686;ISIS-1204L;18;201710;0;LAB ALGORITMICA Y PROG. OBJ I ;24;24;0;M;930 - 1050;ML_109B;M;;;;;;GONZALEZ DIAZ JOSHSUA         ;                              ;                              ;;;;;;;;;;;;;;;;;;;;;;
72;22687;ISIS-1204L;19;201710;0;LAB ALGORITMICA Y PROG. OBJ I ;24;21;3;M;1100 - 1220;ML_109A;M;;;;;;GONZALEZ DIAZ JOSHSUA         ;                              ;                              ;;;;;;;;;;;;;;;;;;;;;;
73;22688;ISIS-1204L;20;201710;0;LAB ALGORITMICA Y PROG. OBJ I ;24;17;7;J;1100 - 1220;ML_109A;J;;;;;;PEREZ ROMANELLO VANESSA       ;                              ;                              ;;;;;;;;;;;;;;;;;;;;;;
74;22689;ISIS-1204L;21;201710;0;LAB ALGORITMICA Y PROG. OBJ I ;24;24;0;V;1100 - 1220;ML_109A;V;;;;;;ARIZA PORRAS CHRISTIAN        ;                              ;                              ;;;;;;;;;;;;;;;;;;;;;;
75;22690;ISIS-1204L;22;201710;0;LAB ALGORITMICA Y PROG. OBJ I ;24;18;6;J;1100 - 1220;ML_109B;J;;;;;;HERRERA SUESCUN LIZETH        ;                              ;                              ;;;;;;;;;;;;;;;;;;;;;;
76;25300;ISIS-1204L;23;201710;0;LAB ALGORITMICA Y PROG. OBJ I ;24;22;2;V;1100 - 1220;ML_109B;V;;;;;;FERNANDEZ NIETO GLORIA        ;                              ;                              ;;;;;;;;;;;;;;;;;;;;;;
77;22692;ISIS-1204L;24;201710;0;LAB ALGORITMICA Y PROG. OBJ I ;24;22;2;J;1230 - 1350;ML_109A;J;;;;;;HERNANDEZ HOYOS MARCELA       ;                              ;                              ;;;;;;;;;;;;;;;;;;;;;;
78;22693;ISIS-1204L;25;201710;0;LAB ALGORITMICA Y PROG. OBJ I ;24;17;7;M;1230 - 1350;ML_109A;M;;;;;;RESTREPO SARMIENTO JORGE      ;                              ;                              ;;;;;;;;;;;;;;;;;;;;;;
79;22694;ISIS-1204L;26;201710;0;LAB ALGORITMICA Y PROG. OBJ I ;24;23;1;V;1230 - 1350;ML_109A;V;;;;;;FORERO GONZALEZ CESAR         ;                              ;                              ;;;;;;;;;;;;;;;;;;;;;;
80;25334;ISIS-1204L;27;201710;0;LAB ALGORITMICA Y PROG. OBJ I ;24;23;1;M;1230 - 1350;ML_109B;M;;;;;;OLARTE JARAMILLO LUIS         ;                              ;                              ;;;;;;;;;;;;;;;;;;;;;;
81;22695;ISIS-1204L;28;201710;0;LAB ALGORITMICA Y PROG. OBJ I ;24;21;3;J;1230 - 1350;ML_109B;J;;;;;;TRUJILLO RAMIREZ MONICA       ;                              ;                              ;;;;;;;;;;;;;;;;;;;;;;
82;22696;ISIS-1204L;29;201710;0;LAB ALGORITMICA Y PROG. OBJ I ;24;22;2;M;1400 - 1520;ML_109A;M;;;;;;CASAS SALAS LINA              ;                              ;                              ;;;;;;;;;;;;;;;;;;;;;;
83;22697;ISIS-1204L;30;201710;0;LAB ALGORITMICA Y PROG. OBJ I ;24;14;10;I;1400 - 1520;ML_109A;I;;;;;;PADILLA AGUDELO JESSE         ;                              ;                              ;;;;;;;;;;;;;;;;;;;;;;
84;22698;ISIS-1204L;31;201710;0;LAB ALGORITMICA Y PROG. OBJ I ;24;10;14;V;1400 - 1520;ML_109A;V;;;;;;BRAVO CORDOBA GERMAN          ;                              ;                              ;;;;;;;;;;;;;;;;;;;;;;
85;22699;ISIS-1204L;32;201710;0;LAB ALGORITMICA Y PROG. OBJ I ;24;19;5;J;1400 - 1520;ML_109A;J;;;;;;RUEDA RODRIGUEZ SANDRA        ;                              ;                              ;;;;;;;;;;;;;;;;;;;;;;
86;22700;ISIS-1204L;33;201710;0;LAB ALGORITMICA Y PROG. OBJ I ;24;18;6;M;1400 - 1520;ML_109B;M;;;;;;LESMES ALVARADO SEBASTIAN     ;                              ;                              ;;;;;;;;;;;;;;;;;;;;;;
87;22702;ISIS-1204L;35;201710;0;LAB ALGORITMICA Y PROG. OBJ I ;24;22;2;J;1530 - 1650;ML_109A;J;;;;;;GOMEZ VARGAS ANDRES           ;                              ;                              ;;;;;;;;;;;;;;;;;;;;;;
88;25301;ISIS-1204L;36;201710;0;LAB ALGORITMICA Y PROG. OBJ I ;24;20;4;M;1530 - 1650;ML_109A;M;;;;;;NAVARRETE PUENTES CARLOS      ;                              ;                              ;;;;;;;;;;;;;;;;;;;;;;
89;22704;ISIS-1204L;37;201710;0;LAB ALGORITMICA Y PROG. OBJ I ;24;15;9;M;1700 - 1820;ML_109A;M;;;;;;MORENO DIAZ JULIAN            ;                              ;                              ;;;;;;;;;;;;;;;;;;;;;;
90;22705;ISIS-1204L;38;201710;0;LAB ALGORITMICA Y PROG. OBJ I ;24;12;12;I;1700 - 1820;ML_109A;I;;;;;;FERNANDEZ JUAN                ;                              ;                              ;;;;;;;;;;;;;;;;;;;;;;
91;22706;ISIS-1204L;39;201710;0;LAB ALGORITMICA Y PROG. OBJ I ;24;19;5;I;1830 - 1950;ML_109A;I;;;;;;ROMERO BOHORQUEZ NESTOR       ;                              ;                              ;;;;;;;;;;;;;;;;;;;;;;
92;16836;ISIS-1205 ;1;201710;3;ALGORITMICA Y PROGR. OBJ. II  ;24;15;9;LI;630 - 750;W_205  ;LI;;;;;;CALIZ OSPINO RODOLFO          ;                              ;                              ;;;;;;;;;;;;;;;;;;;;;;
93;12992;ISIS-1205 ;2;201710;3;ALGORITMICA Y PROGR. OBJ. II  ;24;17;7;MV;630 - 750;S1_002 ;MV;;;;;;RUIZ RODRIGUEZ LUIS           ;                              ;                              ;;;;;;;;;;;;;;;;;;;;;;
94;12994;ISIS-1205 ;3;201710;3;ALGORITMICA Y PROGR. OBJ. II  ;24;16;8;MJ;800 - 920;PU_100 ;MJ;;;;;;LOPEZ PARUMA OSCAR            ;                              ;                              ;;;;;;;;;;;;;;;;;;;;;;
95;10551;ISIS-1205 ;4;201710;3;ALGORITMICA Y PROGR. OBJ. II  ;24;18;6;L;930 - 1050;ML_516 ;L;930 - 1050;SD_206 ;I;;;APARICIO BAQUEN CHRISTIAN     ;                              ;                              ;;;;;;;;;;;;;;;;;;;;;;
96;10504;ISIS-1205 ;5;201710;3;ALGORITMICA Y PROGR. OBJ. II  ;24;21;3;LV;1100 - 1220;S1_002 ;LV;;;;;;IBARRA LOPEZ JUAN             ;                              ;                              ;;;;;;;;;;;;;;;;;;;;;;
97;20599;ISIS-1205 ;6;201710;3;ALGORITMICA Y PROGR. OBJ. II  ;24;19;5;LM;1230 - 1350;AU_208 ;LM;;;;;;GARCES APARICIO OSCAR         ;                              ;                              ;;;;;;;;;;;;;;;;;;;;;;
98;11241;ISIS-1205 ;7;201710;3;ALGORITMICA Y PROGR. OBJ. II  ;24;18;6;LV;1400 - 1520;W_501  ;LV;;;;;;PEREZ ROMANELLO VANESSA       ;                              ;                              ;;;;;;;;;;;;;;;;;;;;;;
99;22742;ISIS-1205 ;8;201710;3;ALGORITMICA Y PROGR. OBJ. II  ;24;19;5;IJ;1530 - 1650;AU_305 ;IJ;;;;;;DE LA ROSA ROSERO MARIO       ;                              ;                              ;;;;;;;;;;;;;;;;;;;;;;
100;26135;ISIS-1205 ;9;201710;3;ALGORITMICA Y PROGR. OBJ. II  ;24;19;5;LJ;1700 - 1820;Z_201  ;LJ;;;;;;ARIZA PORRAS CHRISTIAN        ;                              ;                              ;;;;;;;;;;;;;;;;;;;;;;
101;22710;ISIS-1205L;1;201710;0;LAB ALGORITMICA Y PROG. OBJ II;24;15;9;J;630 - 750;ML_109B;J;;;;;;CALIZ OSPINO RODOLFO          ;                              ;                              ;;;;;;;;;;;;;;;;;;;;;;
102;22711;ISIS-1205L;2;201710;0;LAB ALGORITMICA Y PROG. OBJ II;24;17;7;I;630 - 750;ML_109B;I;;;;;;RUIZ RODRIGUEZ LUIS           ;                              ;                              ;;;;;;;;;;;;;;;;;;;;;;
103;22712;ISIS-1205L;3;201710;0;LAB ALGORITMICA Y PROG. OBJ II;24;16;8;V;800 - 920;ML_109B;V;;;;;;LOPEZ PARUMA OSCAR            ;                              ;                              ;;;;;;;;;;;;;;;;;;;;;;
104;22713;ISIS-1205L;4;201710;0;LAB ALGORITMICA Y PROG. OBJ II;24;18;6;V;930 - 1050;ML_109B;V;;;;;;APARICIO BAQUEN CHRISTIAN     ;                              ;                              ;;;;;;;;;;;;;;;;;;;;;;
105;22714;ISIS-1205L;5;201710;0;LAB ALGORITMICA Y PROG. OBJ II;24;21;3;M;1100 - 1220;ML_109B;M;;;;;;IBARRA LOPEZ JUAN             ;                              ;                              ;;;;;;;;;;;;;;;;;;;;;;
106;22715;ISIS-1205L;6;201710;0;LAB ALGORITMICA Y PROG. OBJ II;24;19;5;V;1230 - 1350;ML_109B;V;;;;;;GARCES APARICIO OSCAR         ;                              ;                              ;;;;;;;;;;;;;;;;;;;;;;
107;22716;ISIS-1205L;7;201710;0;LAB ALGORITMICA Y PROG. OBJ II;24;18;6;J;1400 - 1520;ML_109B;J;;;;;;PEREZ ROMANELLO VANESSA       ;                              ;                              ;;;;;;;;;;;;;;;;;;;;;;
108;22739;ISIS-1205L;8;201710;0;LAB ALGORITMICA Y PROG. OBJ II;24;19;5;M;1530 - 1650;ML_109B;M;;;;;;DE LA ROSA ROSERO MARIO       ;                              ;                              ;;;;;;;;;;;;;;;;;;;;;;
109;26136;ISIS-1205L;9;201710;0;LAB ALGORITMICA Y PROG. OBJ II;24;19;5;M;1700 - 1820;ML_109B;M;;;;;;ARIZA PORRAS CHRISTIAN        ;                              ;                              ;;;;;;;;;;;;;;;;;;;;;;
110;10705;ISIS-1206 ;1;201710;3;ESTRUCTURAS DE DATOS          ;33;26;7;M;1100 - 1220;W_504  ;M;1100 - 1220;Z_202  ;J;;;CORREAL DARIO                 ;                              ;                              ;;;;;;;;;;;;;;;;;;;;;;
111;10288;ISIS-1206 ;2;201710;3;ESTRUCTURAS DE DATOS          ;33;32;1;MV;1400 - 1520;PU_300 ;MV;;;;;;DE LA ROSA ROSERO MARIO       ;                              ;                              ;;;;;;;;;;;;;;;;;;;;;;
112;18797;ISIS-1206 ;3;201710;3;ESTRUCTURAS DE DATOS          ;33;32;1;LI;1530 - 1650;Z_203  ;LI;;;;;;LINARES VASQUEZ MARIO         ;                              ;                              ;;;;;;;;;;;;;;;;;;;;;;
113;26124;ISIS-1206 ;4;201710;3;ESTRUCTURAS DE DATOS          ;38;33;5;LI;1700 - 1820;ML_615 ;LI;;;;;;MORENO BARBOSA ANDRES         ;                              ;                              ;;;;;;;;;;;;;;;;;;;;;;
114;22717;ISIS-1206L;1;201710;0;LAB. ESTRUCTURAS DATOS        ;33;26;7;I;1100 - 1220;ML_108A;I;;;;;;CORREAL DARIO                 ;                              ;                              ;;;;;;;;;;;;;;;;;;;;;;
115;22718;ISIS-1206L;2;201710;0;LAB. ESTRUCTURAS DATOS        ;33;32;1;J;1400 - 1520;ML_108A;J;;;;;;DE LA ROSA ROSERO MARIO       ;                              ;                              ;;;;;;;;;;;;;;;;;;;;;;
116;22719;ISIS-1206L;3;201710;0;LAB. ESTRUCTURAS DATOS        ;33;32;1;V;1530 - 1650;ML_108A;V;;;;;;LINARES VASQUEZ MARIO         ;                              ;                              ;;;;;;;;;;;;;;;;;;;;;;
117;26125;ISIS-1206L;4;201710;0;LAB. ESTRUCTURAS DATOS        ;40;33;7;M;1700 - 1820;ML_104 ;M;;;;;;MORENO BARBOSA ANDRES         ;                              ;                              ;;;;;;;;;;;;;;;;;;;;;;
118;14104;ISIS-1207 ;1;201710;3;ALG. Y PROGR. OBJ. I (HONORES);24;23;1;MJ;1400 - 1520;W_203  ;MJ;;;;;;SANCHEZ PUCCINI MARIO         ;                              ;                              ;;;;;;;;;;;;;;;;;;;;;;
119;14374;ISIS-1207L;1;201710;0;LAB ALG. Y PROGR. OBJ. I (HON);24;23;1;I;1400 - 1520;ML_109B;I;;;;;;SANCHEZ PUCCINI MARIO         ;                              ;                              ;;;;;;;;;;;;;;;;;;;;;;
120;14772;ISIS-1209 ;1;201710;3;ALG. Y PROG. OBJ. II (HONORES);24;21;3;MJ;1700 - 1820;W_501  ;MJ;;;;;;GOMEZ D`ALLEMAN ALVARO        ;                              ;                              ;;;;;;;;;;;;;;;;;;;;;;
121;14773;ISIS-1209L;1;201710;0;LAB ALG.Y PROGR. OBJ. II (HON);24;21;3;I;1700 - 1820;ML_109B;I;;;;;;GOMEZ D`ALLEMAN ALVARO        ;                              ;                              ;;;;;;;;;;;;;;;;;;;;;;
122;15711;ISIS-1211 ;1;201710;0;CUPI TALLER                   ;0;0;0;; - ;;;;;;;;SUAREZ LOPERA JOSE            ;MELANI DE LA HOZ ANDRES       ;CALDERON PADILLA JONATHAN     ;;;;;;;;;;;;;;;;;;;;;;
123;11211;ISIS-1304 ;1;201710;3;FUND INFRAESTRUCTURA TECNOLÓGI;40;40;0;IV;930 - 1050;AU_202 ;IV;;;;;;PADILLA AGUDELO JESSE         ;                              ;                              ;;;;;;;;;;;;;;;;;;;;;;
124;19067;ISIS-1304 ;2;201710;3;FUND INFRAESTRUCTURA TECNOLÓGI;40;38;2;LI;1400 - 1520;K2_101 ;LI;;;;;;GOMEZ DIAZ RAFAEL             ;                              ;                              ;;;;;;;;;;;;;;;;;;;;;;
125;26170;ISIS-1304 ;3;201710;3;FUND INFRAESTRUCTURA TECNOLÓGI;40;34;6;IV;630 - 750;W_505  ;IV;;;;;;PADILLA AGUDELO JESSE         ;                              ;                              ;;;;;;;;;;;;;;;;;;;;;;
126;12124;ISIS-1404 ;1;201710;3;TI EN LAS ORGANIZACIONES      ;24;23;1;I;1230 - 1350;SD_307 ;I;1230 - 1350;AU_207 ;V;;;SANCHEZ OSORIO CINTHIA        ;                              ;                              ;;;;;;;;;;;;;;;;;;;;;;
127;12125;ISIS-1404 ;2;201710;3;TI EN LAS ORGANIZACIONES      ;24;21;3;MV;630 - 750;W_205  ;MV;;;;;;PEREZ JARAMILLO DIEGO         ;                              ;                              ;;;;;;;;;;;;;;;;;;;;;;
128;12126;ISIS-1404 ;3;201710;3;TI EN LAS ORGANIZACIONES      ;24;23;1;IJ;630 - 750;O_100  ;IJ;;;;;;GIRALDO VELEZ OLGA            ;                              ;                              ;;;;;;;;;;;;;;;;;;;;;;
129;13202;ISIS-1404 ;4;201710;3;TI EN LAS ORGANIZACIONES      ;24;20;4;I;800 - 920;LL_303 ;I;800 - 920;LL_105 ;J;;;HERRERA SUESCUN LIZETH        ;                              ;                              ;;;;;;;;;;;;;;;;;;;;;;
130;18825;ISIS-1404 ;5;201710;3;TI EN LAS ORGANIZACIONES      ;24;23;1;LV;800 - 920;W_201  ;LV;;;;;;ROMERO DIAZ MAYERLI           ;                              ;                              ;;;;;;;;;;;;;;;;;;;;;;
131;13595;ISIS-1404 ;6;201710;3;TI EN LAS ORGANIZACIONES      ;24;24;0;LJ;930 - 1050;W_502  ;LJ;;;;;;TORO CORDOBA VICTOR           ;                              ;                              ;;;;;;;;;;;;;;;;;;;;;;
132;14129;ISIS-1404 ;7;201710;3;TI EN LAS ORGANIZACIONES      ;24;24;0;MJ;930 - 1050;W_201  ;MJ;;;;;;DIAZ VELASCO JOSE             ;                              ;                              ;;;;;;;;;;;;;;;;;;;;;;
133;15053;ISIS-1404 ;8;201710;3;TI EN LAS ORGANIZACIONES      ;24;24;0;LV;1100 - 1220;W_205  ;LV;;;;;;CASAS SALAS LINA              ;                              ;                              ;;;;;;;;;;;;;;;;;;;;;;
134;15256;ISIS-1404 ;9;201710;3;TI EN LAS ORGANIZACIONES      ;24;24;0;MJ;1100 - 1220;W_205  ;MJ;;;;;;MARTINEZ REYES FERNANDA       ;                              ;                              ;;;;;;;;;;;;;;;;;;;;;;
135;16846;ISIS-1404 ;10;201710;3;TI EN LAS ORGANIZACIONES      ;24;23;1;LV;1100 - 1220;W_501  ;LV;;;;;;CIFUENTES CASTRO IVAN         ;                              ;                              ;;;;;;;;;;;;;;;;;;;;;;
136;16847;ISIS-1404 ;11;201710;3;TI EN LAS ORGANIZACIONES      ;24;23;1;LV;1230 - 1350;W_503  ;LV;;;;;;GOMEZ DIAZ RICARDO            ;                              ;                              ;;;;;;;;;;;;;;;;;;;;;;
137;17107;ISIS-1404 ;12;201710;3;TI EN LAS ORGANIZACIONES      ;24;22;2;MV;1230 - 1350;S1_002 ;MV;;;;;;CUEVAS ORLANDO                ;                              ;                              ;;;;;;;;;;;;;;;;;;;;;;
138;15054;ISIS-1404 ;13;201710;3;TI EN LAS ORGANIZACIONES      ;24;23;1;LV;1400 - 1520;W_502  ;LV;;;;;;RUBIANO A DISNEY              ;                              ;                              ;;;;;;;;;;;;;;;;;;;;;;
139;20689;ISIS-1404 ;14;201710;3;TI EN LAS ORGANIZACIONES      ;24;22;2;MJ;1400 - 1520;AU_304 ;MJ;;;;;;GONZALEZ ROJAS OSCAR          ;                              ;                              ;;;;;;;;;;;;;;;;;;;;;;
140;20690;ISIS-1404 ;15;201710;3;TI EN LAS ORGANIZACIONES      ;24;23;1;LV;1530 - 1650;W_502  ;LV;;;;;;AVILA CIFUENTES OSCAR         ;                              ;                              ;;;;;;;;;;;;;;;;;;;;;;
141;25611;ISIS-1404 ;16;201710;3;TI EN LAS ORGANIZACIONES      ;24;21;3;MI;1530 - 1650;W_205  ;MI;;;;;;ROMERO SARMIENTO MARIA        ;                              ;                              ;;;;;;;;;;;;;;;;;;;;;;
142;22720;ISIS-1404 ;17;201710;3;TI EN LAS ORGANIZACIONES      ;24;22;2;MJ;1700 - 1820;W_205  ;MJ;;;;;;AVILA CIFUENTES OSCAR         ;                              ;                              ;;;;;;;;;;;;;;;;;;;;;;
143;22721;ISIS-1404L;1;201710;0;LAB TI EN LAS ORGANIZACIONES  ;24;23;1;M;1230 - 1350;W_403  ;M;;;;;;SANCHEZ OSORIO CINTHIA        ;                              ;                              ;;;;;;;;;;;;;;;;;;;;;;
144;22722;ISIS-1404L;2;201710;0;LAB TI EN LAS ORGANIZACIONES  ;24;21;3;J;630 - 750;ML_108A;J;;;;;;PEREZ JARAMILLO DIEGO         ;                              ;                              ;;;;;;;;;;;;;;;;;;;;;;
145;22723;ISIS-1404L;3;201710;0;LAB TI EN LAS ORGANIZACIONES  ;24;23;1;M;630 - 750;ML_108A;M;;;;;;GIRALDO VELEZ OLGA            ;                              ;                              ;;;;;;;;;;;;;;;;;;;;;;
146;22724;ISIS-1404L;4;201710;0;LAB TI EN LAS ORGANIZACIONES  ;24;20;4;M;800 - 920;ML_108A;M;;;;;;HERRERA SUESCUN LIZETH        ;                              ;                              ;;;;;;;;;;;;;;;;;;;;;;
147;22731;ISIS-1404L;5;201710;0;LAB TI EN LAS ORGANIZACIONES  ;24;23;1;J;800 - 920;W_201  ;J;;;;;;ROMERO DIAZ MAYERLI           ;                              ;                              ;;;;;;;;;;;;;;;;;;;;;;
148;22725;ISIS-1404L;6;201710;0;LAB TI EN LAS ORGANIZACIONES  ;24;24;0;M;930 - 1050;ML_108A;M;;;;;;TORO CORDOBA VICTOR           ;                              ;                              ;;;;;;;;;;;;;;;;;;;;;;
149;22726;ISIS-1404L;7;201710;0;LAB TI EN LAS ORGANIZACIONES  ;24;24;0;V;930 - 1050;W_202  ;V;;;;;;DIAZ VELASCO JOSE             ;                              ;                              ;;;;;;;;;;;;;;;;;;;;;;
150;22727;ISIS-1404L;8;201710;0;LAB TI EN LAS ORGANIZACIONES  ;24;24;0;J;1100 - 1220;ML_108A;J;;;;;;CASAS SALAS LINA              ;                              ;                              ;;;;;;;;;;;;;;;;;;;;;;
151;22728;ISIS-1404L;9;201710;0;LAB TI EN LAS ORGANIZACIONES  ;24;24;0;I;1100 - 1220;ML_107 ;I;;;;;;MARTINEZ REYES FERNANDA       ;                              ;                              ;;;;;;;;;;;;;;;;;;;;;;
152;22729;ISIS-1404L;10;201710;0;LAB TI EN LAS ORGANIZACIONES  ;24;23;1;M;1100 - 1220;ML_108A;M;;;;;;CIFUENTES CASTRO IVAN         ;                              ;                              ;;;;;;;;;;;;;;;;;;;;;;
153;22730;ISIS-1404L;11;201710;0;LAB TI EN LAS ORGANIZACIONES  ;24;23;1;I;1230 - 1350;SD_201 ;I;;;;;;GOMEZ DIAZ RICARDO            ;                              ;                              ;;;;;;;;;;;;;;;;;;;;;;
154;22732;ISIS-1404L;12;201710;0;LAB TI EN LAS ORGANIZACIONES  ;24;22;2;J;1230 - 1350;ML_108A;J;;;;;;CUEVAS ORLANDO                ;                              ;                              ;;;;;;;;;;;;;;;;;;;;;;
155;22733;ISIS-1404L;13;201710;0;LAB TI EN LAS ORGANIZACIONES  ;24;23;1;I;1400 - 1520;ML_107 ;I;;;;;;RUBIANO A DISNEY              ;                              ;                              ;;;;;;;;;;;;;;;;;;;;;;
156;22734;ISIS-1404L;14;201710;0;LAB TI EN LAS ORGANIZACIONES  ;24;22;2;V;1400 - 1520;W_203  ;V;;;;;;GONZALEZ ROJAS OSCAR          ;                              ;                              ;;;;;;;;;;;;;;;;;;;;;;
157;22735;ISIS-1404L;15;201710;0;LAB TI EN LAS ORGANIZACIONES  ;24;23;1;I;1530 - 1650;W_202  ;I;;;;;;AVILA CIFUENTES OSCAR         ;                              ;                              ;;;;;;;;;;;;;;;;;;;;;;
158;25613;ISIS-1404L;16;201710;0;LAB TI EN LAS ORGANIZACIONES  ;24;21;3;J;1530 - 1650;ML_207 ;J;;;;;;ROMERO SARMIENTO MARIA        ;                              ;                              ;;;;;;;;;;;;;;;;;;;;;;
159;22736;ISIS-1404L;17;201710;0;LAB TI EN LAS ORGANIZACIONES  ;24;22;2;I;1700 - 1820;W_404  ;I;;;;;;AVILA CIFUENTES OSCAR         ;                              ;                              ;;;;;;;;;;;;;;;;;;;;;;
160;24592;ISIS-1602B;1;201710;3;VIDEOJUEGOS: TEC.,DISEÑO Y CUL;77;68;9;MJ;1530 - 1650;ML_606 ;MJ;;;;;;FIGUEROA FORERO PABLO         ;                              ;                              ;;;;;;;;;;;;;;;;;;;;;;
161;11179;ISIS-1603B;1;201710;3;LAS MIL CARAS DE INTERNET     ;77;67;10;LJ;800 - 920;B_401  ;LJ;;;;;;MARIÑO DREWS OLGA             ;                              ;                              ;;;;;;;;;;;;;;;;;;;;;;
162;11180;ISIS-2007 ;1;201710;3;DISEÑO PROD. E INNOVACIÓN TI  ;44;43;1;LI;1700 - 1820;ML_515 ;LI;;;;;;HERNANDEZ PENALOZA JOSE       ;                              ;                              ;;;;;;;;;;;;;;;;;;;;;;
163;11322;ISIS-2008 ;1;201710;0;VISIÓN ISIS                   ;44;43;1;I;1400 - 1520;ML_515 ;I;;;;;;FERNANDEZ JUAN                ;GOMEZ D`ALLEMAN ALVARO        ;                              ;;;;;;;;;;;;;;;;;;;;;;
164;12128;ISIS-2070 ;1;201710;0;MONITORIA INGENIERIA SISTEMAS1;0;0;0;; - ;NOREQ  ;;;;;;;GOMEZ D`ALLEMAN ALVARO        ;                              ;                              ;;;;;;;;;;;;;;;;;;;;;;
165;25387;ISIS-2203 ;1;201710;3;INFRAESTRUCTURA COMPUTACIONAL ;30;12;18;MV;930 - 1050;AU_207 ;MV;;;;;;GOMEZ DIAZ RAFAEL             ;RUEDA RODRIGUEZ SANDRA        ;                              ;;;;;;;;;;;;;;;;;;;;;;
166;25388;ISIS-2203 ;2;201710;3;INFRAESTRUCTURA COMPUTACIONAL ;30;28;2;L;1230 - 1350;O_103  ;L;1230 - 1350;AU_207 ;M;;;GOMEZ DIAZ RAFAEL             ;RUEDA RODRIGUEZ SANDRA        ;                              ;;;;;;;;;;;;;;;;;;;;;;
167;25389;ISIS-2203L;1;201710;0;LAB INFRAESTRUCTURA COMPUTACIO;30;12;18;J;930 - 1050;ML_104 ;J;;;;;;GOMEZ DIAZ RAFAEL             ;RUEDA RODRIGUEZ SANDRA        ;                              ;;;;;;;;;;;;;;;;;;;;;;
168;25390;ISIS-2203L;2;201710;0;LAB INFRAESTRUCTURA COMPUTACIO;30;28;2;J;1230 - 1350;ML_104 ;J;;;;;;GOMEZ DIAZ RAFAEL             ;RUEDA RODRIGUEZ SANDRA        ;                              ;;;;;;;;;;;;;;;;;;;;;;
169;25588;ISIS-2304 ;1;201710;3;SISTEMAS TRANSACCIONALES      ;40;32;8;IV;930 - 1050;W_506  ;IV;;;;;;BRAVO CORDOBA GERMAN          ;                              ;                              ;;;;;;;;;;;;;;;;;;;;;;
170;25589;ISIS-2304 ;2;201710;3;SISTEMAS TRANSACCIONALES      ;40;29;11;MJ;1530 - 1650;AU_402 ;MJ;;;;;;JIMENEZ GUARIN CLAUDIA        ;                              ;                              ;;;;;;;;;;;;;;;;;;;;;;
171;11182;ISIS-2403 ;1;201710;3;ARQUITECTURA EMPRESARIAL      ;31;27;4;MJ;1100 - 1220;LL_108 ;MJ;;;;;;SANCHEZ PUCCINI MARIO         ;GONZALEZ ROJAS OSCAR          ;                              ;;;;;;;;;;;;;;;;;;;;;;
172;25391;ISIS-2403 ;2;201710;3;ARQUITECTURA EMPRESARIAL      ;30;27;3;IJ;1530 - 1650;AU_307 ;IJ;;;;;;VILLALOBOS SALCEDO JORGE      ;                              ;                              ;;;;;;;;;;;;;;;;;;;;;;
173;11535;ISIS-2503 ;1;201710;3;ARQUITECTURA Y DISEÑO DE SW   ;50;44;6;MJ;1400 - 1520;LL_303 ;MJ;;;;;;GARCES PERNETT KELLY          ;                              ;                              ;;;;;;;;;;;;;;;;;;;;;;
174;15050;ISIS-2503L;1;201710;0;LAB. ARQUITEC. Y DISEÑO DE SW ;25;23;2;L;1400 - 1520;ML_512 ;L;;;;;;BONET GONZALEZ NICOLAS        ;                              ;                              ;;;;;;;;;;;;;;;;;;;;;;
175;25597;ISIS-2503L;2;201710;0;LAB. ARQUITEC. Y DISEÑO DE SW ;25;21;4;L;1400 - 1520;ML_512 ;L;;;;;;BONET GONZALEZ NICOLAS        ;                              ;                              ;;;;;;;;;;;;;;;;;;;;;;
176;25540;ISIS-2603 ;1;201710;3;DESARROLLO DE SW EN EQUIPO    ;26;25;1;LV;800 - 920;SD_203 ;LV;;;;;;CHAVARRIAGA LOZANO JAIME      ;                              ;                              ;;;;;;;;;;;;;;;;;;;;;;
177;11183;ISIS-2603 ;2;201710;3;DESARROLLO DE SW EN EQUIPO    ;26;24;2;MJ;1100 - 1220;SD_202 ;MJ;;;;;;CASALLAS GUTIERREZ RUBBY      ;                              ;                              ;;;;;;;;;;;;;;;;;;;;;;
178;22765;ISIS-2603L;1;201710;0;LAB DLLO DE SW EN EQUIPO      ;26;25;1;I;800 - 920;SD_202 ;I;;;;;;CHAVARRIAGA LOZANO JAIME      ;                              ;                              ;;;;;;;;;;;;;;;;;;;;;;
179;22766;ISIS-2603L;2;201710;0;LAB DLLO DE SW EN EQUIPO      ;26;24;2;I;1100 - 1220;SD_202 ;I;;;;;;CASALLAS GUTIERREZ RUBBY      ;                              ;                              ;;;;;;;;;;;;;;;;;;;;;;
180;23563;ISIS-2804 ;1;201710;1;LAB MARATONES PROGRAMACION    ;50;13;37;; - ;NOREQ  ;;;;;;;CARDOZO ALVAREZ NICOLAS       ;                              ;                              ;;;;;;;;;;;;;;;;;;;;;;
181;10406;ISIS-3007 ;1;201710;3;PROYECTO DE GRADO             ;32;31;1;; - ;NOREQ  ;;;;;;;HERNANDEZ PENALOZA JOSE       ;                              ;                              ;;;;;;;;;;;;;;;;;;;;;;
182;24595;ISIS-3009 ;1;201710;1,5;TALLER DE INNOVACION CON TIC 2;0;0;0;; - ;NOREQ  ;;;;;;;HERNANDEZ PENALOZA JOSE       ;                              ;                              ;;;;;;;;;;;;;;;;;;;;;;
183;12515;ISIS-3204 ;1;201710;3;INFRAESTRUCTURA COMUNICACIONES;50;31;19;LJ;1100 - 1220;O_401  ;LJ;;;;;;CASTRO BARRERA HAROLD         ;                              ;                              ;;;;;;;;;;;;;;;;;;;;;;
184;22771;ISIS-3204L;1;201710;0;LAB INFRAEST DE COMUNICACIONES;10;10;0;M;1100 - 1220;ML_340 ;M;;;;;;RUIZ GOMEZ LAURA              ;                              ;                              ;;;;;;;;;;;;;;;;;;;;;;
185;22775;ISIS-3204L;2;201710;0;LAB INFRAEST DE COMUNICACIONES;10;10;0;I;1100 - 1220;ML_340 ;I;;;;;;RUIZ GOMEZ LAURA              ;                              ;                              ;;;;;;;;;;;;;;;;;;;;;;
186;22776;ISIS-3204L;3;201710;0;LAB INFRAEST DE COMUNICACIONES;10;5;5;V;1100 - 1220;ML_340 ;V;;;;;;RUIZ GOMEZ LAURA              ;                              ;                              ;;;;;;;;;;;;;;;;;;;;;;
187;22777;ISIS-3204L;4;201710;0;LAB INFRAEST DE COMUNICACIONES;10;6;4;I;1230 - 1350;ML_340 ;I;;;;;;RUIZ GOMEZ LAURA              ;                              ;                              ;;;;;;;;;;;;;;;;;;;;;;
188;23484;ISIS-3204L;5;201710;0;LAB INFRAEST DE COMUNICACIONES;0;0;0;V;1230 - 1350;ML_340 ;V;;;;;;RUIZ GOMEZ LAURA              ;                              ;                              ;;;;;;;;;;;;;;;;;;;;;;
189;11073;ISIS-3301 ;1;201710;3;INTELIGENCIA DE NEGOCIOS      ;50;35;15;MJ;930 - 1050;Y_101  ;MJ;;;;;;VILLAMIL GIRALDO MARIA        ;                              ;                              ;;;;;;;;;;;;;;;;;;;;;;
190;15047;ISIS-3302 ;1;201710;3;MODELADO, SIMULACION Y OPTIMIZ;50;30;20;LI;930 - 1050;SD_716 ;LI;;;;;;DONOSO YESID                  ;                              ;                              ;;;;;;;;;;;;;;;;;;;;;;
191;21977;ISIS-3302L;1;201710;0;LAB MODELA, SIMULACION Y OPT  ;25;9;16;J;930 - 1050;ML_107 ;J;;;;;;MONTOYA OROZCO GERMAN         ;                              ;                              ;;;;;;;;;;;;;;;;;;;;;;
192;22772;ISIS-3302L;2;201710;0;LAB MODELA, SIMULACION Y OPT  ;25;21;4;M;1530 - 1650;ML_107 ;M;;;;;;MONTOYA OROZCO GERMAN         ;                              ;                              ;;;;;;;;;;;;;;;;;;;;;;
193;24596;ISIS-3425 ;1;201710;3;SISTEMAS EMPRESARIALES        ;30;18;12;MJ;800 - 920;Z_109  ;MJ;;;;;;TORO CORDOBA VICTOR           ;                              ;                              ;;;;;;;;;;;;;;;;;;;;;;
194;16808;ISIS-3510 ;1;201710;3;CONSTR. APLICACIONES MÓVILES  ;48;39;9;MJ;1100 - 1220;LL_302 ;MJ;;;;;;LINARES VASQUEZ MARIO         ;                              ;                              ;;;;;;;;;;;;;;;;;;;;;;
195;22767;ISIS-3510L;1;201710;0;LAB. CONSTR. APLICAC. MOVILES ;16;14;2;L;1100 - 1220;NOREQ  ;L;;;;;;LINARES VASQUEZ MARIO         ;                              ;                              ;;;;;;;;;;;;;;;;;;;;;;
196;22768;ISIS-3510L;2;201710;0;LAB. CONSTR. APLICAC. MOVILES ;10;10;0;V;1100 - 1220;NOREQ  ;V;;;;;;LINARES VASQUEZ MARIO         ;                              ;                              ;;;;;;;;;;;;;;;;;;;;;;
197;22769;ISIS-3510L;3;201710;0;LAB. CONSTR. APLICAC. MOVILES ;16;15;1;L;1230 - 1350;NOREQ  ;L;;;;;;LINARES VASQUEZ MARIO         ;                              ;                              ;;;;;;;;;;;;;;;;;;;;;;
198;24597;ISIS-3710 ;1;201710;3;PROGR CON TECNOLOGIAS WEB     ;30;29;1;MJ;800 - 920;W_402  ;MJ;;;;;;GUERRA GOMEZ JOHN             ;                              ;                              ;;;;;;;;;;;;;;;;;;;;;;
199;15712;ISIS-3990 ;1;201710;0;INSCRIPCION A GRADO           ;33;32;1;L;1400 - 1520;ML_515 ;L;;;;;;FERNANDEZ JUAN                ;GOMEZ D`ALLEMAN ALVARO        ;                              ;;;;;;;;;;;;;;;;;;;;;;
200;13971;ISIS-3991 ;1;201710;6;PRACTICA PROFESIONAL          ;20;18;2;; - ;NOREQ  ;;;;;;;FERNANDEZ JUAN                ;                              ;                              ;;;;;;;;;;;;;;;;;;;;;;
201;11515;ISIS-4000 ;1;201710;4;TESIS I                       ;11;11;0;M;1530 - 1650;W_504  ;M;;;;;;MARIÑO DREWS OLGA             ;FERNANDEZ JUAN                ;GOMEZ D`ALLEMAN ALVARO        ;;;;;;;;;;;;;;;;;;;;;;
202;10036;ISIS-4001 ;1;201710;8;TESIS II                      ;13;11;2;M;1530 - 1650;W_504  ;M;;;;;;MARIÑO DREWS OLGA             ;FERNANDEZ JUAN                ;GOMEZ D`ALLEMAN ALVARO        ;;;;;;;;;;;;;;;;;;;;;;
203;24598;ISIS-4002 ;1;201710;4;TUTORIAL                      ;0;0;0;; - ;NOREQ  ;;;;;;;FERNANDEZ JUAN                ;                              ;                              ;;;;;;;;;;;;;;;;;;;;;;
204;10446;ISIS-4004 ;1;201710;1;TUTORIAL ESPECIAL             ;0;0;0;; - ;NOREQ  ;;;;;;;FERNANDEZ JUAN                ;                              ;                              ;;;;;;;;;;;;;;;;;;;;;;
205;11126;ISIS-4005 ;1;201710;0;INTERCAMBIO INTERNACIONAL     ;1;1;0;; - ;NOREQ  ;;;;;;;FERNANDEZ JUAN                ;                              ;                              ;;;;;;;;;;;;;;;;;;;;;;
206;24599;ISIS-4217 ;1;201710;4;PARADIGMAS DE PROGRAMACIÓN    ;30;5;25;IV;1530 - 1650;ML_515 ;IV;;;;;;TAKAHASHI SILVIA              ;                              ;                              ;;;;;;;;;;;;;;;;;;;;;;
207;17887;ISIS-4426 ;1;201710;4;DESARROLLO DE SOLUCIONES CLOUD;30;18;12;LJ;1530 - 1650;AU_303 ;LJ;;;;;;CASTRO BARRERA HAROLD         ;VILLAMIZAR CANO MARIO         ;                              ;;;;;;;;;;;;;;;;;;;;;;
208;25199;ISIS-4426 ;2;201710;4;DESARROLLO DE SOLUCIONES CLOUD;30;23;7;L;1800 - 2050;W_204  ;L;;;;;;CASTRO BARRERA HAROLD         ;VILLAMIZAR CANO MARIO         ;                              ;;;;;;;;;;;;;;;;;;;;;;
209;24600;ISIS-4514 ;1;201710;4;SEMANTIC WEB                  ;30;13;17;M;1400 - 1520;SD_306 ;M;1400 - 1520;SD_304 ;J;;;MARIÑO DREWS OLGA             ;                              ;                              ;;;;;;;;;;;;;;;;;;;;;;
210;24601;ISIS-4820 ;1;201710;4;AMBIENTES INTERACTIVOS 3D     ;30;13;17;IV;1400 - 1520;Z_202  ;IV;;;;;;FIGUEROA FORERO PABLO         ;                              ;                              ;;;;;;;;;;;;;;;;;;;;;;
211;20758;ISIS-4920 ;1;201710;0;SEMINARIO IMAGINE             ;30;7;23;L;1230 - 1350;NOREQ  ;L;;;;;;HERNANDEZ PENALOZA JOSE       ;                              ;                              ;;;;;;;;;;;;;;;;;;;;;;
212;26133;ISIS-6002 ;1;201710;4;TUTORIAL 1                    ;1;1;0;; - ;NOREQ  ;;;;;;;FERNANDEZ JUAN                ;                              ;                              ;;;;;;;;;;;;;;;;;;;;;;
213;13974;ISIS-6402 ;1;201710;0;PASANTÍA SEMESTRAL            ;20;7;13;; - ;NOREQ  ;;;;;;;FERNANDEZ JUAN                ;                              ;                              ;;;;;;;;;;;;;;;;;;;;;;
214;13975;ISIS-6970 ;1;201710;0;EXAMEN DE PROPUESTA DOCTORAL  ;20;1;19;; - ;NOREQ  ;;;;;;;FERNANDEZ JUAN                ;                              ;                              ;;;;;;;;;;;;;;;;;;;;;;
215;13976;ISIS-6980 ;1;201710;4;TESIS 4CR                     ;20;0;20;; - ;NOREQ  ;;;;;;;FERNANDEZ JUAN                ;                              ;                              ;;;;;;;;;;;;;;;;;;;;;;
216;13977;ISIS-6981 ;1;201710;8;TESIS 8CR                     ;20;2;18;; - ;NOREQ  ;;;;;;;FERNANDEZ JUAN                ;                              ;                              ;;;;;;;;;;;;;;;;;;;;;;
217;13978;ISIS-6982 ;1;201710;12;TESIS 12CR                    ;20;7;13;; - ;NOREQ  ;;;;;;;FERNANDEZ JUAN                ;                              ;                              ;;;;;;;;;;;;;;;;;;;;;;
218;13979;ISIS-6990 ;1;201710;0;SUSTENTACION DE TESIS         ;20;3;17;; - ;NOREQ  ;;;;;;;FERNANDEZ JUAN                ;                              ;                              ;;;;;;;;;;;;;;;;;;;;;;
219;13980;ISIS-6997 ;1;201710;0;PASANTIA ESTUDIANTES EXTERNOS ;20;0;20;; - ;NOREQ  ;;;;;;;FERNANDEZ JUAN                ;                              ;                              ;;;;;;;;;;;;;;;;;;;;;;
220;23800;ARTI-4005 ;1;201710;0;INTERCAMBIO INTERNACIONAL     ;0;0;0;; - ;NOREQ  ;;;;;;;FERNANDEZ JUAN                ;;;;;;;;;;;;;;;;;;;;;;;;
221;13579;ARTI-4102 ;1;201710;4;COMUNICACION EFECTIVA         ;40;37;3;L;1800 - 2050;AU_402 ;;;;;;;BOTERO URIBE PATRICIA         ;DUQUE SALAZAR ANA             ;GONZALEZ ANDRADE SONIA        ;;;;;;;;;;;;;;;;;;;;;;
222;12663;ARTI-4103 ;1;201710;4;ARQUITECTURA DE NEGOCIO Y TI  ;40;39;1;I;1800 - 2050;Q_306  ;;;;;;;VILLALOBOS SALCEDO JORGE      ;                              ;                              ;;;;;;;;;;;;;;;;;;;;;;
223;13982;ARTI-4106 ;1;201710;4;ARQUITECTURA EMPRESARIAL      ;30;30;0;L;1800 - 2050;LL_105 ;;;;;;;ARIAS BEDOYA JORGE            ;                              ;                              ;;;;;;;;;;;;;;;;;;;;;;
224;26116;ARTI-4106 ;2;201710;4;ARQUITECTURA EMPRESARIAL      ;30;26;4;J;1800 - 2050;LL_104 ;;;;;;;OCAMPO ALEXIS                 ;                              ;                              ;;;;;;;;;;;;;;;;;;;;;;
225;23552;ARTI-4108 ;1;201710;4;POWER PEOPLE                  ;30;24;6;J;1800 - 2050;AU_207 ;;;;;;;GONZALEZ ANDRADE SONIA        ;                              ;                              ;;;;;;;;;;;;;;;;;;;;;;
226;12665;ARTI-4203 ;1;201710;4;ARQUITECTURA DE INFRAESTRUCTUR;40;40;0;I;1800 - 2050;O_302  ;;;;;;;CASTRO BARRERA HAROLD         ;GOMEZ DIAZ RAFAEL             ;RUEDA FAJARDO FRANCISCO       ;;;;;;;;;;;;;;;;;;;;;;
227;13185;ARTI-4204 ;1;201710;4;ARQUITECTURA DE SEGURIDAD     ;40;37;3;M;1800 - 2050;W_402  ;;;;;;;DONOSO YESID                  ;RUEDA RODRIGUEZ SANDRA        ;                              ;;;;;;;;;;;;;;;;;;;;;;
228;13285;ARTI-4205 ;1;201710;4;ARQUITECTURA PROCESOS NEGOCIO ;30;28;2;M;1800 - 2050;LL_202 ;;;;;;;SANCHEZ PUCCINI MARIO         ;                              ;                              ;;;;;;;;;;;;;;;;;;;;;;
229;23802;ARTI-4208 ;1;201710;4;ARQUITECTURAS NUEVA GENERACIÓN;40;36;4;M;1800 - 2050;W_504  ;;;;;;;CORREAL DARIO                 ;                              ;                              ;;;;;;;;;;;;;;;;;;;;;;
230;13582;ARTI-4301 ;1;201710;4;PROYECTO FINAL                ;50;15;35;L;1800 - 2050;B_201  ;;;;;;;CORREAL DARIO                 ;                              ;                              ;;;;;;;;;;;;;;;;;;;;;;
231;25121;BCOM-4002 ;1;201710;4;FUNDAM.PROG. CIENCIAS BIOLOGIC;25;13;12;V;1600 - 1750;SD_202 ;I;1700 - 1850;SD_302 ;;;;DUITAMA CASTELLANOS JORGE     ;;;;;;;;;;;;;;;;;;;;;;;                              ;                              
232;26143;BCOM-4005 ;1;201710;1;TUTORIAL ESPECIAL BIOL COMPUT ;1;1;0;;;NOREQ  ;;;;;;;STAFF                         ;;;;;;;;;;;;;;;;;;;;;;;                              ;                              
233;25167;BCOM-4102 ;1;201710;4;ECOL.MICROB.Y HERRAM.ANA.BIOIN;25;12;13;J;1600 - 1950;Q_308  ;;;;;;;REYES MUÑOZ ALEJANDRO         ;CARO QUINTERO ALEJANDRO       ;ACOSTA LUIS                   ;;;;;;;;;;;;;;;;;;;;;;
234;25169;BCOM-4104 ;1;201710;4;ESTADISTICA BIOLOGIA COMPUTAC.;20;13;7;MJ;1400 - 1550;Q_308  ;;;;;;;DUITAMA CASTELLANOS JORGE     ;CRAWFORD ANDREW               ;;;;;;;;;;;;;;;;;;;;;;;                              
235;16639;BCOM-4980 ;1;201710;4;POYECTO FINAL                 ;10;1;9;;;NOREQ  ;;;;;;;RESTREPO RESTREPO SILVIA      ;;;;;;;;;;;;;;;;;;;;;;;                              ;                              
236;18445;BCOM-4990 ;1;201710;4;TESIS 4 CR                    ;20;1;19;;;NOREQ  ;;;;;;;RESTREPO RESTREPO SILVIA      ;;;;;;;;;;;;;;;;;;;;;;;                              ;                              
237;18446;BCOM-4991 ;1;201710;8;TESIS 8 CR                    ;15;0;15;;;NOREQ  ;;;;;;;RESTREPO RESTREPO SILVIA      ;;;;;;;;;;;;;;;;;;;;;;;                              ;                              
238;24740;MBIT-4005 ;1;201710;0;INTERCAMBIO INTERNACIONAL     ;0;0;0;;;NOREQ  ;;;;;;;FERNANDEZ JUAN                ;GOMEZ D`ALLEMAN ALVARO        ;;;;;;;;;;;;;;;;;;;;;;;
239;16852;MBIT-4101 ;1;201710;4;HABILIDADES GERENCIALES EN TI ;30;26;4;S;900 - 1150;AU_207 ;;;;;;;MORALES VALENZUELA ANDRES     ;ORDUZ BARON MARIA             ;CIFUENTES MARTIN MARIA        ;;;;;;;;;;;;;;;;;;;;;;
240;20710;MBIT-4101 ;2;201710;4;HABILIDADES GERENCIALES EN TI ;30;25;5;S;900 - 1150;AU_306 ;;;;;;;MORALES VALENZUELA ANDRES     ;AZUERO ISAZA MARCO            ;CIFUENTES MARTIN MARIA        ;;;;;;;;;;;;;;;;;;;;;;
241;19970;MBIT-4102 ;1;201710;4;FINANZAS Y MERCADEO ESTRAT.   ;35;21;14;L;1800 - 2050;SD_804 ;;;;;;;LOPEZ FAJARDO MARIANO         ;PEÑALOSA ARGUIJO MARIA        ;                              ;;;;;;;;;;;;;;;;;;;;;;
242;22738;MBIT-4102 ;2;201710;4;FINANZAS Y MERCADEO ESTRAT.   ;35;22;13;L;1800 - 2050;PU_300 ;;;;;;;LOPEZ FAJARDO MARIANO         ;PEÑALOSA ARGUIJO MARIA        ;                              ;;;;;;;;;;;;;;;;;;;;;;
243;17324;MBIT-4103 ;1;201710;4;FORMACIÓN DIRECTIVOS TI       ;35;35;0;L;1800 - 2050;M_100  ;;;;;;;MOSQUERA QUIJANO LUIS         ;BOTERO VILLA CESAR            ;                              ;;;;;;;;;;;;;;;;;;;;;;
244;13984;MBIT-4201 ;1;201710;4;EMPRENDIMIENTO Y COMERCIO ELEC;30;29;1;V;1800 - 2050;ML_515 ;;;;;;;TORO CORDOBA VICTOR           ;RUEDA FAJARDO FRANCISCO       ;                              ;;;;;;;;;;;;;;;;;;;;;;
245;16853;MBIT-4201 ;2;201710;4;EMPRENDIMIENTO Y COMERCIO ELEC;30;28;2;V;1800 - 2050;ML_614 ;;;;;;;RUEDA FAJARDO FRANCISCO       ;TORO CORDOBA VICTOR           ;                              ;;;;;;;;;;;;;;;;;;;;;;
246;13985;MBIT-4202 ;1;201710;4;GOBIERNO DE TI                ;36;35;1;J;1800 - 2050;ML_515 ;;;;;;;GONZALEZ ROJAS OSCAR          ;GOMEZ DIAZ RICARDO            ;PEREZ JARAMILLO DIEGO         ;;;;;;;;;;;;;;;;;;;;;;
247;14598;MBIT-4203 ;1;201710;4;BUSINESS ANALYTICS            ;35;34;1;M;1800 - 2050;W_204  ;;;;;;;VILLAMIL GIRALDO MARIA        ;DIAZ VELASCO JOSE             ;                              ;;;;;;;;;;;;;;;;;;;;;;
248;19969;MBIT-4206 ;1;201710;4;INTEGRACIÓN SIST. INFORMAC.   ;35;26;9;I;1800 - 2050;O_105  ;;;;;;;SANCHEZ PUCCINI MARIO         ;MENESES RAMIREZ RAFAEL        ;SANCHEZ OSORIO CINTHIA        ;;;;;;;;;;;;;;;;;;;;;;
249;24741;MBIT-4207 ;1;201710;4;NEGOCIO PRODUCCIÓN OPERACIÓN  ;26;26;0;M;1800 - 2050;ML_617 ;;;;;;;VELASCO NUBIA                 ;HERRERA SUESCUN LIZETH        ;                              ;;;;;;;;;;;;;;;;;;;;;;
250;17326;MBIT-4210 ;1;201710;4;TI PARA SECTOR PÚBLICO        ;35;28;7;M;1800 - 2050;Z_201  ;;;;;;;TORRES PAEZ JAVIER            ;PIMIENTO QUINTERO FRANCY      ;SIN TRIANA HUGO               ;;;;;;;;;;;;;;;;;;;;;;
251;17118;MBIT-4301 ;1;201710;4;PROYECTO FINAL                ;30;20;10;L;1800 - 2050;AU_306 ;;;;;;;VILLALOBOS SALCEDO JORGE      ;SANCHEZ PUCCINI MARIO         ;GONZALEZ ROJAS OSCAR          ;;;;;;;;;;;;;;;;;;;;;;
252;17119;MBIT-4302 ;1;201710;4;TESIS 1                       ;3;2;1;;;NOREQ  ;;;;;;;FERNANDEZ JUAN                ;GOMEZ D`ALLEMAN ALVARO        ;                              ;;;;;;;;;;;;;;;;;;;;;;
253;17120;MBIT-4303 ;1;201710;8;TESIS 2                       ;1;1;0;;;NOREQ  ;;;;;;;FERNANDEZ JUAN                ;GOMEZ D`ALLEMAN ALVARO        ;                              ;;;;;;;;;;;;;;;;;;;;;;
254;24744;MBIT-4304 ;1;201710;4;PROYECTO DE EMPRENDIMIENTO    ;30;0;30;L;1800 - 2050;AU_307 ;;;;;;;VILLALOBOS SALCEDO JORGE      ;                              ;                              ;;;;;;;;;;;;;;;;;;;;;;
255;24848;MSIN-4005 ;1;201710;0;INTERCAMBIO INTERNACIONAL     ;0;0;0;;;NOREQ  ;;;;;;;FERNANDEZ JUAN                ;GOMEZ D`ALLEMAN ALVARO        ;                              ;;;;;;;;;;;;;;;;;;;;;;
256;24849;MSIN-4101 ;1;201710;4;ING CRIPTOGRAFICA Y APLIC SERV;40;33;7;J;1800 - 2050;AU_204 ;;;;;;;QUIROGA BECERRA MILTON        ;                              ;                              ;;;;;;;;;;;;;;;;;;;;;;
257;24850;MSIN-4203 ;1;201710;4;GERENCIA DE CSIRTS Y MAN INCID;40;24;16;L;1800 - 2050;SD_801 ;;;;;;;JIMENEZ JUAN                  ;                              ;                              ;;;;;;;;;;;;;;;;;;;;;;
258;22212;MSIN-4206 ;1;201710;4;COMPUTACIÓN FORENSE           ;35;17;18;M;1800 - 2050;LL_205 ;;;;;;;JIMENEZ JUAN                  ;GONZALEZ DIAZ JOSHSUA         ;POSADA MAYA RICARDO           ;;;;;;;;;;;;;;;;;;;;;;
259;14608;MSIN-4301 ;1;201710;4;PROYECTO FINAL                ;30;13;17;J;1800 - 2050;AU_303 ;;;;;;;DONOSO YESID                  ;GOMEZ DIAZ RICARDO            ;RUEDA RODRIGUEZ SANDRA        ;;;;;;;;;;;;;;;;;;;;;;
260;14609;MSIN-4302 ;1;201710;4;TESIS I                       ;0;0;0;;;NOREQ  ;;;;;;;FERNANDEZ JUAN                ;GOMEZ D`ALLEMAN ALVARO        ;                              ;;;;;;;;;;;;;;;;;;;;;;
261;16217;MSIN-4303 ;1;201710;8;TESIS II                      ;0;0;0;;;NOREQ  ;;;;;;;FERNANDEZ JUAN                ;GOMEZ D`ALLEMAN ALVARO        ;                              ;;;;;;;;;;;;;;;;;;;;;;
262;24818;MINE-4005 ;1;201710;0;INTERCAMBIO INTERNACIONAL     ;1;1;0;;;NOREQ  ;;;;;;;FERNANDEZ JUAN                ;GOMEZ D`ALLEMAN ALVARO        ;                              ;;;;;;;;;;;;;;;;;;;;;;
263;22182;MINE-4101 ;1;201710;4;CIENCIA DE DATOS APLICADA     ;33;33;0;J;1800 - 2050;AU_107 ;;;;;;;NEIRA AVILA TITO              ;VILLAMIL GIRALDO MARIA        ;                              ;;;;;;;;;;;;;;;;;;;;;;
264;22751;MINE-4102 ;1;201710;4;ANALISIS INFORM SOBRE BIG DATA;33;29;4;I;1800 - 2050;SD_801 ;;;;;;;JIMENEZ GUARIN CLAUDIA        ;                              ;                              ;;;;;;;;;;;;;;;;;;;;;;
265;24819;MINE-4103 ;1;201710;4;ADMIN. DEL CONOCIMIENTO       ;30;23;7;M;1800 - 2050;LL_201 ;;;;;;;BRAVO CORDOBA GERMAN          ;                              ;                              ;;;;;;;;;;;;;;;;;;;;;;
266;24820;MINE-4201 ;1;201710;4;SISTEMAS DE RECOMENDACIÓN     ;24;17;7;J;1800 - 2050;ML_511 ;;;;;;;JIMENEZ GUARIN CLAUDIA        ;                              ;                              ;;;;;;;;;;;;;;;;;;;;;;
267;21194;MISO-4000 ;1;201710;0;NIVELATORIO MODELAJE SOFTWARE ;120;19;101;;;NOREQ  ;;;;;;;GARCES PERNETT KELLY          ;                              ;;;;;;;;;;;;;;;;;;;;;;                              ;
268;24821;MISO-4005 ;1;201710;0;INTERCAMBIO INTERNACIONAL     ;0;0;0;;;NOREQ  ;;;;;;;FERNANDEZ JUAN                ;GOMEZ D`ALLEMAN ALVARO        ;;;;;;;;;;;;;;;;;;;;;;                              ;
269;14446;MISO-4101 ;1;201710;4;PROCESOS DE DESARROLLO AGILES ;35;28;7;I;1800 - 2050;ML_617 ;;;;;;;CORTES BUITRAGO GLORIA        ;                              ;;;;;;;;;;;;;;;;;;;;;;                              ;
270;13986;MISO-4202 ;1;201710;4;MEJOR. PRODUCT: AUTOMATIZACION;30;12;18;J;1800 - 2050;ML_604 ;;;;;;;GARCES PERNETT KELLY          ;                              ;;;;;;;;;;;;;;;;;;;;;;                              ;
271;14604;MISO-4204 ;1;201710;4;FABRICAS SW Y LIN PRODUCTOS   ;30;16;14;M;1800 - 2050;AU_207 ;;;;;;;PARRA ACEVEDO CARLOS          ;                              ;;;;;;;;;;;;;;;;;;;;;;                              ;
272;16210;MISO-4205 ;1;201710;4;MEJORAMIENTO EXPERIENCIA USUAR;30;22;8;J;1800 - 2050;S1_105 ;;;;;;;NAVARRO SANINT MIGUEL         ;                              ;;;;;;;;;;;;;;;;;;;;;;                              ;
273;24822;MISO-4206 ;1;201710;4;ARQUITECTURA SW ÁGIL          ;36;36;0;S;800 - 1050;AU_404 ;;;;;;;CORREAL DARIO                 ;                              ;;;;;;;;;;;;;;;;;;;;;;                              ;
274;16211;MISO-4301 ;1;201710;4;PROYECTO INTEGRADOR           ;30;16;14;L;2050;AU_303 ;;;;;;;GARCES PERNETT KELLY          ;VILLAMIZAR CANO MARIO         ;;;;;;;;;;;;;;;;;;;;;;                              ;
275;15251;MISO-4302 ;1;201710;4;TESIS I                       ;1;1;0;;;NOREQ  ;;;;;;;FERNANDEZ JUAN                ;GOMEZ D`ALLEMAN ALVARO        ;;;;;;;;;;;;;;;;;;;;;;                              ;
276;16212;MISO-4303 ;1;201710;8;TESIS II                      ;1;1;0;;;NOREQ  ;;;;;;;FERNANDEZ JUAN                ;GOMEZ D`ALLEMAN ALVARO        ;;;;;;;;;;;;;;;;;;;;;;                              ;
